
> ariadne-strapi@0.1.0 develop
> strapi develop

- Cleaning dist dir C:/Users/lucat/Desktop/se26-p07/src/main/ariadne-strapi/dist
√ Cleaning dist dir (27ms)
- Loading Strapi
[2026-07-22 17:47:02.629] [32minfo[39m: [discard-drafts] Migration started
[2026-07-22 17:47:02.636] [32minfo[39m: [discard-drafts] Stage 1/5 – cloning published entries into draft rows
[2026-07-22 17:47:02.637] [32minfo[39m: [discard-drafts] Stage 1/5 complete
[2026-07-22 17:47:02.637] [32minfo[39m: [discard-drafts] Stage 2/5 – copying relations and components to drafts
[2026-07-22 17:47:02.637] [32minfo[39m: [discard-drafts] Stage 2/5 complete
[2026-07-22 17:47:02.637] [32minfo[39m: [discard-drafts] Stage 3/5 – fixing existing draft relations
[2026-07-22 17:47:02.638] [32minfo[39m: [discard-drafts] Stage 3/5 complete
[2026-07-22 17:47:02.638] [32minfo[39m: [discard-drafts] Stage 4/5 – fixing existing draft component relations
[2026-07-22 17:47:02.638] [32minfo[39m: [discard-drafts] Stage 4/5 complete
[2026-07-22 17:47:02.638] [32minfo[39m: [discard-drafts] Stage 4b/5 – fixing published component relations to published targets
[2026-07-22 17:47:02.638] [32minfo[39m: [discard-drafts] Stage 4b/5 complete
[2026-07-22 17:47:02.639] [32minfo[39m: [discard-drafts] Stage 5/5 – updating foreign key references to draft targets
[2026-07-22 17:47:02.639] [32minfo[39m: [discard-drafts] Stage 5/5 complete
[2026-07-22 17:47:02.639] [32minfo[39m: [discard-drafts] Migration completed successfully
[2026-07-22 17:47:04.592] [33mwarn[39m: [email]: The "sendmail" email provider is still supported, but for most production setups that use a dedicated SMTP relay, consider switching to @strapi/provider-email-nodemailer (set `provider` to `"nodemailer"` in your email plugin config). This message is only shown in development.
[2026-07-22 17:47:10.828] [32minfo[39m: [bootstrap] Public role permissions configured for all API types
- Building build context
√ Building build context (257ms)
- Creating admin
√ Creating admin (1740ms)
√ Loading Strapi (14762ms)
- Generating types
√ Generating types (1394ms)
- Compiling TS
- Cleaning dist dir C:/Users/lucat/Desktop/se26-p07/src/main/ariadne-strapi/dist
√ Cleaning dist dir (170ms)
√ Compiling TS (11651ms)

 Project information

[90m╭────────────────────[39m[90m┬──────────────────────────────────────────────────╮[39m
[90m│[39m Time               [90m│[39m Wed Jul 22 2026 17:47:26 GMT+0200 (Central Euro… [90m│[39m
[90m│[39m Launched in        [90m│[39m 27951 ms                                         [90m│[39m
[90m│[39m Environment        [90m│[39m development                                      [90m│[39m
[90m│[39m Process PID        [90m│[39m 13484                                            [90m│[39m
[90m│[39m Version            [90m│[39m 5.50.2 (node v20.18.0)                           [90m│[39m
[90m│[39m Plan               [90m│[39m Community                                        [90m│[39m
[90m│[39m Database           [90m│[39m sqlite                                           [90m│[39m
[90m│[39m Database name      [90m│[39m .tmp\data.db                                     [90m│[39m
[90m╰────────────────────[39m[90m┴──────────────────────────────────────────────────╯[39m

 Actions available

One more thing...
Create your first administrator 💻 by going to the administration panel at:

[90m┌─────────────────────────────┐[39m
[90m│[39m http://localhost:1337/admin [90m│[39m
[90m└─────────────────────────────┘[39m

[2026-07-22 17:47:26.076] [32minfo[39m: Strapi started successfully
[2026-07-22 17:47:27.678] [32mhttp[39m: GET /admin (179 ms) 200
[2026-07-22 17:47:29.588] [32mhttp[39m: GET /admin/project-type (9 ms) 200
[2026-07-22 17:47:30.265] [32mhttp[39m: GET /admin/init (16 ms) 200
[2026-07-22 17:48:02.231] [32mhttp[39m: POST /admin/register-admin (377 ms) 200
[2026-07-22 17:48:02.417] [32mhttp[39m: GET /admin/users/me (120 ms) 200
[2026-07-22 17:48:02.567] [32mhttp[39m: GET /admin/users/me/permissions (99 ms) 200
[2026-07-22 17:48:02.692] [32mhttp[39m: GET /admin/telemetry-properties (86 ms) 200
[2026-07-22 17:49:40.652] [32mhttp[39m: GET /admin/usecase?hasAdmin=true (28 ms) 200
[2026-07-22 17:49:41.516] [32mhttp[39m: GET /admin/project-type (12 ms) 200
[2026-07-22 17:49:41.814] [32mhttp[39m: GET /admin/init (10 ms) 200
[2026-07-22 17:49:41.892] [32mhttp[39m: GET /admin/users/me (75 ms) 200
[2026-07-22 17:49:41.959] [32mhttp[39m: GET /admin/users/me/permissions (136 ms) 200
[2026-07-22 17:49:42.022] [32mhttp[39m: GET /admin/telemetry-properties (61 ms) 200
[2026-07-22 17:51:28.376] [32mhttp[39m: GET /admin/usecase?hasAdmin=true (12 ms) 200
[2026-07-22 17:51:29.137] [32mhttp[39m: GET /admin/project-type (10 ms) 200
[2026-07-22 17:51:29.440] [32mhttp[39m: GET /admin/init (16 ms) 200
[2026-07-22 17:51:29.525] [32mhttp[39m: GET /admin/users/me (79 ms) 200
[2026-07-22 17:51:29.610] [32mhttp[39m: GET /admin/users/me/permissions (79 ms) 200
[2026-07-22 17:51:29.689] [32mhttp[39m: GET /admin/telemetry-properties (75 ms) 200
[2026-07-22 17:51:32.904] [32mhttp[39m: GET /admin/ (12 ms) 200
[2026-07-22 17:51:33.559] [32mhttp[39m: GET /admin/project-type (5 ms) 200
[2026-07-22 17:51:33.855] [32mhttp[39m: GET /admin/init (11 ms) 200
[2026-07-22 17:51:33.913] [32mhttp[39m: GET /admin/users/me (49 ms) 200
[2026-07-22 17:51:34.030] [32mhttp[39m: GET /admin/users/me/permissions (115 ms) 200
[2026-07-22 17:51:34.113] [32mhttp[39m: GET /admin/information (195 ms) 200
[2026-07-22 17:51:34.117] [32mhttp[39m: GET /admin/telemetry-properties (194 ms) 200
[2026-07-22 17:51:34.279] [32mhttp[39m: GET /admin/guided-tour-meta (61 ms) 200
[2026-07-22 17:51:34.368] [32mhttp[39m: GET /content-manager/homepage/count-documents (72 ms) 200
[2026-07-22 17:51:34.419] [32mhttp[39m: GET /admin/homepage/layout (126 ms) 200
[2026-07-22 17:51:34.466] [32mhttp[39m: GET /admin/homepage/key-statistics (96 ms) 200
[2026-07-22 17:51:34.489] [32mhttp[39m: GET /admin/license-limit-information (206 ms) 200
[2026-07-22 17:51:34.805] [32mhttp[39m: GET /content-manager/homepage/recent-documents?action=update (124 ms) 200
[2026-07-22 17:51:34.859] [32mhttp[39m: GET /content-manager/homepage/recent-documents?action=publish (52 ms) 200
[2026-07-22 17:52:15.066] [32mhttp[39m: GET /admin/admin-tokens (71 ms) 200
[2026-07-22 17:52:18.540] [32mhttp[39m: GET /admin/permissions?role= (114 ms) 200
[2026-07-22 17:54:36.719] [32mhttp[39m: POST /admin/admin-tokens (926 ms) 201
[2026-07-22 17:54:37.050] [32mhttp[39m: GET /admin/admin-tokens/3 (63 ms) 200
[2026-07-22 17:55:46.883] [32mhttp[39m: GET /api/reference-designator?filters=%7B%22designatorCode%22%3A%7B%22eq%22%3A%22C%22%7D%7D (24 ms) 401
[2026-07-22 17:55:46.904] [32mhttp[39m: GET /api/reference-designator?filters=%7B%22designatorCode%22%3A%7B%22eq%22%3A%22C%22%7D%7D (10 ms) 401
[2026-07-22 17:55:46.919] [32mhttp[39m: GET /api/reference-designator?filters=%7B%22designatorCode%22%3A%7B%22eq%22%3A%22C%22%7D%7D (11 ms) 401
[2026-07-22 17:55:46.940] [32mhttp[39m: GET /api/reference-designator?filters=%7B%22designatorCode%22%3A%7B%22eq%22%3A%22C%22%7D%7D (15 ms) 401
[2026-07-22 17:55:46.957] [32mhttp[39m: GET /api/reference-designator?filters=%7B%22designatorCode%22%3A%7B%22eq%22%3A%22C%22%7D%7D (11 ms) 401
[2026-07-22 17:55:46.972] [32mhttp[39m: GET /api/reference-designator?filters=%7B%22designatorCode%22%3A%7B%22eq%22%3A%22C%22%7D%7D (9 ms) 401
[2026-07-22 17:55:46.980] [32mhttp[39m: GET /api/reference-designator?filters=%7B%22designatorCode%22%3A%7B%22eq%22%3A%22C%22%7D%7D (6 ms) 401
[2026-07-22 17:55:46.991] [32mhttp[39m: GET /api/reference-designator?filters=%7B%22designatorCode%22%3A%7B%22eq%22%3A%22C%22%7D%7D (7 ms) 401
[2026-07-22 17:55:47.002] [32mhttp[39m: GET /api/reference-designator?filters=%7B%22designatorCode%22%3A%7B%22eq%22%3A%22C%22%7D%7D (8 ms) 401
[2026-07-22 17:55:47.020] [32mhttp[39m: GET /api/reference-designator?filters=%7B%22designatorCode%22%3A%7B%22eq%22%3A%22C%22%7D%7D (13 ms) 401
[2026-07-22 17:55:47.035] [32mhttp[39m: GET /api/reference-designator?filters=%7B%22designatorCode%22%3A%7B%22eq%22%3A%22C%22%7D%7D (11 ms) 401
[2026-07-22 17:55:47.045] [32mhttp[39m: GET /api/reference-designator?filters=%7B%22designatorCode%22%3A%7B%22eq%22%3A%22C%22%7D%7D (7 ms) 401
[2026-07-22 17:55:47.056] [32mhttp[39m: GET /api/reference-designator?filters=%7B%22designatorCode%22%3A%7B%22eq%22%3A%22C%22%7D%7D (8 ms) 401
[2026-07-22 17:55:47.069] [32mhttp[39m: GET /api/reference-designator?filters=%7B%22designatorCode%22%3A%7B%22eq%22%3A%22C%22%7D%7D (11 ms) 401
[2026-07-22 17:55:47.086] [32mhttp[39m: GET /api/reference-designator?filters=%7B%22designatorCode%22%3A%7B%22eq%22%3A%22C%22%7D%7D (11 ms) 401
[2026-07-22 17:55:47.100] [32mhttp[39m: GET /api/reference-designator?filters=%7B%22designatorCode%22%3A%7B%22eq%22%3A%22C%22%7D%7D (10 ms) 401
[2026-07-22 17:55:47.115] [32mhttp[39m: GET /api/reference-designator?filters=%7B%22designatorCode%22%3A%7B%22eq%22%3A%22C%22%7D%7D (11 ms) 401
[2026-07-22 17:55:47.136] [32mhttp[39m: GET /api/reference-designator?filters=%7B%22designatorCode%22%3A%7B%22eq%22%3A%22D%22%7D%7D (13 ms) 401
[2026-07-22 17:55:47.149] [32mhttp[39m: GET /api/reference-designator?filters=%7B%22designatorCode%22%3A%7B%22eq%22%3A%22D%22%7D%7D (9 ms) 401
[2026-07-22 17:55:47.159] [32mhttp[39m: GET /api/reference-designator?filters=%7B%22designatorCode%22%3A%7B%22eq%22%3A%22D%22%7D%7D (6 ms) 401
[2026-07-22 17:55:47.180] [32mhttp[39m: GET /api/reference-designator?filters=%7B%22designatorCode%22%3A%7B%22eq%22%3A%22D%22%7D%7D (8 ms) 401
[2026-07-22 17:55:47.194] [32mhttp[39m: GET /api/reference-designator?filters=%7B%22designatorCode%22%3A%7B%22eq%22%3A%22D%22%7D%7D (9 ms) 401
[2026-07-22 17:55:47.211] [32mhttp[39m: GET /api/reference-designator?filters=%7B%22designatorCode%22%3A%7B%22eq%22%3A%22D%22%7D%7D (11 ms) 401
[2026-07-22 17:55:47.227] [32mhttp[39m: GET /api/reference-designator?filters=%7B%22designatorCode%22%3A%7B%22eq%22%3A%22J%22%7D%7D (10 ms) 401
[2026-07-22 17:55:47.240] [32mhttp[39m: GET /api/reference-designator?filters=%7B%22designatorCode%22%3A%7B%22eq%22%3A%22J%22%7D%7D (10 ms) 401
[2026-07-22 17:55:47.255] [32mhttp[39m: GET /api/reference-designator?filters=%7B%22designatorCode%22%3A%7B%22eq%22%3A%22J%22%7D%7D (11 ms) 401
[2026-07-22 17:55:47.264] [32mhttp[39m: GET /api/reference-designator?filters=%7B%22designatorCode%22%3A%7B%22eq%22%3A%22J%22%7D%7D (5 ms) 401
[2026-07-22 17:55:47.275] [32mhttp[39m: GET /api/reference-designator?filters=%7B%22designatorCode%22%3A%7B%22eq%22%3A%22J%22%7D%7D (5 ms) 401
[2026-07-22 17:55:47.285] [32mhttp[39m: GET /api/reference-designator?filters=%7B%22designatorCode%22%3A%7B%22eq%22%3A%22J%22%7D%7D (8 ms) 401
[2026-07-22 17:55:47.316] [32mhttp[39m: GET /api/reference-designator?filters=%7B%22designatorCode%22%3A%7B%22eq%22%3A%22J%22%7D%7D (14 ms) 401
[2026-07-22 17:55:47.331] [32mhttp[39m: GET /api/reference-designator?filters=%7B%22designatorCode%22%3A%7B%22eq%22%3A%22J%22%7D%7D (8 ms) 401
[2026-07-22 17:55:47.353] [32mhttp[39m: GET /api/reference-designator?filters=%7B%22designatorCode%22%3A%7B%22eq%22%3A%22J%22%7D%7D (17 ms) 401
[2026-07-22 17:55:47.369] [32mhttp[39m: GET /api/reference-designator?filters=%7B%22designatorCode%22%3A%7B%22eq%22%3A%22J%22%7D%7D (11 ms) 401
[2026-07-22 17:55:47.379] [32mhttp[39m: GET /api/reference-designator?filters=%7B%22designatorCode%22%3A%7B%22eq%22%3A%22J%22%7D%7D (7 ms) 401
[2026-07-22 17:55:47.389] [32mhttp[39m: GET /api/reference-designator?filters=%7B%22designatorCode%22%3A%7B%22eq%22%3A%22J%22%7D%7D (6 ms) 401
[2026-07-22 17:55:47.399] [32mhttp[39m: GET /api/reference-designator?filters=%7B%22designatorCode%22%3A%7B%22eq%22%3A%22L%22%7D%7D (7 ms) 401
[2026-07-22 17:55:47.407] [32mhttp[39m: GET /api/reference-designator?filters=%7B%22designatorCode%22%3A%7B%22eq%22%3A%22L%22%7D%7D (5 ms) 401
[2026-07-22 17:55:47.419] [32mhttp[39m: GET /api/reference-designator?filters=%7B%22designatorCode%22%3A%7B%22eq%22%3A%22M%22%7D%7D (9 ms) 401
[2026-07-22 17:55:47.768] [32mhttp[39m: GET /api/reference-designator?filters=%7B%22designatorCode%22%3A%7B%22eq%22%3A%22UNKNOWN%22%7D%7D (13 ms) 401
[2026-07-22 17:55:47.945] [32mhttp[39m: GET /api/reference-designator?filters=%7B%22designatorCode%22%3A%7B%22eq%22%3A%22Q%22%7D%7D (5 ms) 401
[2026-07-22 17:55:47.962] [32mhttp[39m: GET /api/reference-designator?filters=%7B%22designatorCode%22%3A%7B%22eq%22%3A%22Q%22%7D%7D (14 ms) 401
[2026-07-22 17:55:47.977] [32mhttp[39m: GET /api/reference-designator?filters=%7B%22designatorCode%22%3A%7B%22eq%22%3A%22R%22%7D%7D (9 ms) 401
[2026-07-22 17:55:47.990] [32mhttp[39m: GET /api/reference-designator?filters=%7B%22designatorCode%22%3A%7B%22eq%22%3A%22R%22%7D%7D (7 ms) 401
[2026-07-22 17:55:48.001] [32mhttp[39m: GET /api/reference-designator?filters=%7B%22designatorCode%22%3A%7B%22eq%22%3A%22R%22%7D%7D (8 ms) 401
[2026-07-22 17:55:48.019] [32mhttp[39m: GET /api/reference-designator?filters=%7B%22designatorCode%22%3A%7B%22eq%22%3A%22R%22%7D%7D (12 ms) 401
[2026-07-22 17:55:48.038] [32mhttp[39m: GET /api/reference-designator?filters=%7B%22designatorCode%22%3A%7B%22eq%22%3A%22R%22%7D%7D (12 ms) 401
[2026-07-22 17:55:48.046] [32mhttp[39m: GET /api/reference-designator?filters=%7B%22designatorCode%22%3A%7B%22eq%22%3A%22R%22%7D%7D (4 ms) 401
[2026-07-22 17:55:48.058] [32mhttp[39m: GET /api/reference-designator?filters=%7B%22designatorCode%22%3A%7B%22eq%22%3A%22R%22%7D%7D (7 ms) 401
[2026-07-22 17:55:48.159] [32mhttp[39m: GET /api/reference-designator?filters=%7B%22designatorCode%22%3A%7B%22eq%22%3A%22R%22%7D%7D (5 ms) 401
[2026-07-22 17:55:48.171] [32mhttp[39m: GET /api/reference-designator?filters=%7B%22designatorCode%22%3A%7B%22eq%22%3A%22R%22%7D%7D (10 ms) 401
[2026-07-22 17:55:48.183] [32mhttp[39m: GET /api/reference-designator?filters=%7B%22designatorCode%22%3A%7B%22eq%22%3A%22R%22%7D%7D (9 ms) 401
[2026-07-22 17:55:48.191] [32mhttp[39m: GET /api/reference-designator?filters=%7B%22designatorCode%22%3A%7B%22eq%22%3A%22R%22%7D%7D (5 ms) 401
[2026-07-22 17:55:48.199] [32mhttp[39m: GET /api/reference-designator?filters=%7B%22designatorCode%22%3A%7B%22eq%22%3A%22R%22%7D%7D (6 ms) 401
[2026-07-22 17:55:48.214] [32mhttp[39m: GET /api/reference-designator?filters=%7B%22designatorCode%22%3A%7B%22eq%22%3A%22R%22%7D%7D (11 ms) 401
[2026-07-22 17:55:48.224] [32mhttp[39m: GET /api/reference-designator?filters=%7B%22designatorCode%22%3A%7B%22eq%22%3A%22R%22%7D%7D (6 ms) 401
[2026-07-22 17:55:48.233] [32mhttp[39m: GET /api/reference-designator?filters=%7B%22designatorCode%22%3A%7B%22eq%22%3A%22R%22%7D%7D (6 ms) 401
[2026-07-22 17:55:48.246] [32mhttp[39m: GET /api/reference-designator?filters=%7B%22designatorCode%22%3A%7B%22eq%22%3A%22R%22%7D%7D (9 ms) 401
[2026-07-22 17:55:48.280] [32mhttp[39m: GET /api/reference-designator?filters=%7B%22designatorCode%22%3A%7B%22eq%22%3A%22R%22%7D%7D (6 ms) 401
[2026-07-22 17:55:48.295] [32mhttp[39m: GET /api/reference-designator?filters=%7B%22designatorCode%22%3A%7B%22eq%22%3A%22R%22%7D%7D (10 ms) 401
[2026-07-22 17:55:48.316] [32mhttp[39m: GET /api/reference-designator?filters=%7B%22designatorCode%22%3A%7B%22eq%22%3A%22R%22%7D%7D (15 ms) 401
[2026-07-22 17:55:48.327] [32mhttp[39m: GET /api/reference-designator?filters=%7B%22designatorCode%22%3A%7B%22eq%22%3A%22R%22%7D%7D (8 ms) 401
[2026-07-22 17:55:48.339] [32mhttp[39m: GET /api/reference-designator?filters=%7B%22designatorCode%22%3A%7B%22eq%22%3A%22R%22%7D%7D (9 ms) 401
[2026-07-22 17:55:48.351] [32mhttp[39m: GET /api/reference-designator?filters=%7B%22designatorCode%22%3A%7B%22eq%22%3A%22R%22%7D%7D (10 ms) 401
[2026-07-22 17:55:48.368] [32mhttp[39m: GET /api/reference-designator?filters=%7B%22designatorCode%22%3A%7B%22eq%22%3A%22R%22%7D%7D (14 ms) 401
[2026-07-22 17:55:48.379] [32mhttp[39m: GET /api/reference-designator?filters=%7B%22designatorCode%22%3A%7B%22eq%22%3A%22R%22%7D%7D (7 ms) 401
[2026-07-22 17:55:48.393] [32mhttp[39m: GET /api/reference-designator?filters=%7B%22designatorCode%22%3A%7B%22eq%22%3A%22SW%22%7D%7D (11 ms) 401
[2026-07-22 17:55:48.521] [32mhttp[39m: GET /api/reference-designator?filters=%7B%22designatorCode%22%3A%7B%22eq%22%3A%22T%22%7D%7D (11 ms) 401
[2026-07-22 17:55:48.537] [32mhttp[39m: GET /api/reference-designator?filters=%7B%22designatorCode%22%3A%7B%22eq%22%3A%22T%22%7D%7D (13 ms) 401
[2026-07-22 17:55:48.551] [32mhttp[39m: GET /api/reference-designator?filters=%7B%22designatorCode%22%3A%7B%22eq%22%3A%22T%22%7D%7D (11 ms) 401
[2026-07-22 17:55:48.563] [32mhttp[39m: GET /api/reference-designator?filters=%7B%22designatorCode%22%3A%7B%22eq%22%3A%22U%22%7D%7D (9 ms) 401
[2026-07-22 17:55:48.577] [32mhttp[39m: GET /api/reference-designator?filters=%7B%22designatorCode%22%3A%7B%22eq%22%3A%22U%22%7D%7D (10 ms) 401
[2026-07-22 17:55:48.594] [32mhttp[39m: GET /api/reference-designator?filters=%7B%22designatorCode%22%3A%7B%22eq%22%3A%22U%22%7D%7D (14 ms) 401
[2026-07-22 17:55:48.610] [32mhttp[39m: GET /api/reference-designator?filters=%7B%22designatorCode%22%3A%7B%22eq%22%3A%22U%22%7D%7D (13 ms) 401
[2026-07-22 17:55:48.625] [32mhttp[39m: GET /api/reference-designator?filters=%7B%22designatorCode%22%3A%7B%22eq%22%3A%22X%22%7D%7D (11 ms) 401
[2026-07-22 17:55:48.651] [32mhttp[39m: POST /api/audit-log (8 ms) 401
[2026-07-22 17:56:19.183] [32mhttp[39m: POST /api/device (13 ms) 401
[2026-07-22 17:56:38.508] [32mhttp[39m: GET /api/eec-category (46 ms) 200
[2026-07-22 17:56:54.180] [32mhttp[39m: POST /api/device (49 ms) 201
[2026-07-22 17:57:39.963] [32mhttp[39m: GET /api/reference-designator?filters=%7B%22designatorCode%22%3A%7B%22eq%22%3A%22C%22%7D%7D (19 ms) 400
[2026-07-22 17:57:39.998] [32mhttp[39m: GET /api/reference-designator?filters=%7B%22designatorCode%22%3A%7B%22eq%22%3A%22C%22%7D%7D (17 ms) 400
[2026-07-22 17:57:40.016] [32mhttp[39m: GET /api/reference-designator?filters=%7B%22designatorCode%22%3A%7B%22eq%22%3A%22C%22%7D%7D (12 ms) 400
[2026-07-22 17:57:40.036] [32mhttp[39m: GET /api/reference-designator?filters=%7B%22designatorCode%22%3A%7B%22eq%22%3A%22C%22%7D%7D (11 ms) 400
[2026-07-22 17:57:40.059] [32mhttp[39m: GET /api/reference-designator?filters=%7B%22designatorCode%22%3A%7B%22eq%22%3A%22C%22%7D%7D (16 ms) 400
[2026-07-22 17:57:40.080] [32mhttp[39m: GET /api/reference-designator?filters=%7B%22designatorCode%22%3A%7B%22eq%22%3A%22C%22%7D%7D (16 ms) 400
[2026-07-22 17:57:40.098] [32mhttp[39m: GET /api/reference-designator?filters=%7B%22designatorCode%22%3A%7B%22eq%22%3A%22C%22%7D%7D (10 ms) 400
[2026-07-22 17:57:40.116] [32mhttp[39m: GET /api/reference-designator?filters=%7B%22designatorCode%22%3A%7B%22eq%22%3A%22C%22%7D%7D (13 ms) 400
[2026-07-22 17:57:40.146] [32mhttp[39m: GET /api/reference-designator?filters=%7B%22designatorCode%22%3A%7B%22eq%22%3A%22C%22%7D%7D (23 ms) 400
[2026-07-22 17:57:40.164] [32mhttp[39m: GET /api/reference-designator?filters=%7B%22designatorCode%22%3A%7B%22eq%22%3A%22C%22%7D%7D (12 ms) 400
[2026-07-22 17:57:40.186] [32mhttp[39m: GET /api/reference-designator?filters=%7B%22designatorCode%22%3A%7B%22eq%22%3A%22C%22%7D%7D (15 ms) 400
[2026-07-22 17:57:40.211] [32mhttp[39m: GET /api/reference-designator?filters=%7B%22designatorCode%22%3A%7B%22eq%22%3A%22C%22%7D%7D (12 ms) 400
[2026-07-22 17:57:40.230] [32mhttp[39m: GET /api/reference-designator?filters=%7B%22designatorCode%22%3A%7B%22eq%22%3A%22C%22%7D%7D (13 ms) 400
[2026-07-22 17:57:40.246] [32mhttp[39m: GET /api/reference-designator?filters=%7B%22designatorCode%22%3A%7B%22eq%22%3A%22C%22%7D%7D (11 ms) 400
[2026-07-22 17:57:40.264] [32mhttp[39m: GET /api/reference-designator?filters=%7B%22designatorCode%22%3A%7B%22eq%22%3A%22C%22%7D%7D (12 ms) 400
[2026-07-22 17:57:40.282] [32mhttp[39m: GET /api/reference-designator?filters=%7B%22designatorCode%22%3A%7B%22eq%22%3A%22C%22%7D%7D (11 ms) 400
[2026-07-22 17:57:40.307] [32mhttp[39m: GET /api/reference-designator?filters=%7B%22designatorCode%22%3A%7B%22eq%22%3A%22C%22%7D%7D (17 ms) 400
[2026-07-22 17:57:40.329] [32mhttp[39m: GET /api/reference-designator?filters=%7B%22designatorCode%22%3A%7B%22eq%22%3A%22D%22%7D%7D (17 ms) 400
[2026-07-22 17:57:40.349] [32mhttp[39m: GET /api/reference-designator?filters=%7B%22designatorCode%22%3A%7B%22eq%22%3A%22D%22%7D%7D (13 ms) 400
[2026-07-22 17:57:40.366] [32mhttp[39m: GET /api/reference-designator?filters=%7B%22designatorCode%22%3A%7B%22eq%22%3A%22D%22%7D%7D (10 ms) 400
[2026-07-22 17:57:40.415] [32mhttp[39m: GET /api/reference-designator?filters=%7B%22designatorCode%22%3A%7B%22eq%22%3A%22D%22%7D%7D (15 ms) 400
[2026-07-22 17:57:40.441] [32mhttp[39m: GET /api/reference-designator?filters=%7B%22designatorCode%22%3A%7B%22eq%22%3A%22D%22%7D%7D (14 ms) 400
[2026-07-22 17:57:40.459] [32mhttp[39m: GET /api/reference-designator?filters=%7B%22designatorCode%22%3A%7B%22eq%22%3A%22D%22%7D%7D (11 ms) 400
[2026-07-22 17:57:40.477] [32mhttp[39m: GET /api/reference-designator?filters=%7B%22designatorCode%22%3A%7B%22eq%22%3A%22J%22%7D%7D (13 ms) 400
[2026-07-22 17:57:40.494] [32mhttp[39m: GET /api/reference-designator?filters=%7B%22designatorCode%22%3A%7B%22eq%22%3A%22J%22%7D%7D (12 ms) 400
[2026-07-22 17:57:40.510] [32mhttp[39m: GET /api/reference-designator?filters=%7B%22designatorCode%22%3A%7B%22eq%22%3A%22J%22%7D%7D (11 ms) 400
[2026-07-22 17:57:40.526] [32mhttp[39m: GET /api/reference-designator?filters=%7B%22designatorCode%22%3A%7B%22eq%22%3A%22J%22%7D%7D (10 ms) 400
[2026-07-22 17:57:40.542] [32mhttp[39m: GET /api/reference-designator?filters=%7B%22designatorCode%22%3A%7B%22eq%22%3A%22J%22%7D%7D (11 ms) 400
[2026-07-22 17:57:40.562] [32mhttp[39m: GET /api/reference-designator?filters=%7B%22designatorCode%22%3A%7B%22eq%22%3A%22J%22%7D%7D (14 ms) 400
[2026-07-22 17:57:40.697] [32mhttp[39m: GET /api/reference-designator?filters=%7B%22designatorCode%22%3A%7B%22eq%22%3A%22J%22%7D%7D (13 ms) 400
[2026-07-22 17:57:40.713] [32mhttp[39m: GET /api/reference-designator?filters=%7B%22designatorCode%22%3A%7B%22eq%22%3A%22J%22%7D%7D (8 ms) 400
[2026-07-22 17:57:40.730] [32mhttp[39m: GET /api/reference-designator?filters=%7B%22designatorCode%22%3A%7B%22eq%22%3A%22J%22%7D%7D (11 ms) 400
[2026-07-22 17:57:40.748] [32mhttp[39m: GET /api/reference-designator?filters=%7B%22designatorCode%22%3A%7B%22eq%22%3A%22J%22%7D%7D (10 ms) 400
[2026-07-22 17:57:40.765] [32mhttp[39m: GET /api/reference-designator?filters=%7B%22designatorCode%22%3A%7B%22eq%22%3A%22J%22%7D%7D (9 ms) 400
[2026-07-22 17:57:40.782] [32mhttp[39m: GET /api/reference-designator?filters=%7B%22designatorCode%22%3A%7B%22eq%22%3A%22J%22%7D%7D (11 ms) 400
[2026-07-22 17:57:40.893] [32mhttp[39m: GET /api/reference-designator?filters=%7B%22designatorCode%22%3A%7B%22eq%22%3A%22L%22%7D%7D (8 ms) 400
[2026-07-22 17:57:40.945] [32mhttp[39m: GET /api/reference-designator?filters=%7B%22designatorCode%22%3A%7B%22eq%22%3A%22L%22%7D%7D (12 ms) 400
[2026-07-22 17:57:40.957] [32mhttp[39m: GET /api/reference-designator?filters=%7B%22designatorCode%22%3A%7B%22eq%22%3A%22M%22%7D%7D (10 ms) 400
[2026-07-22 17:57:41.012] [32mhttp[39m: GET /api/reference-designator?filters=%7B%22designatorCode%22%3A%7B%22eq%22%3A%22UNKNOWN%22%7D%7D (11 ms) 400
[2026-07-22 17:57:41.108] [32mhttp[39m: GET /api/reference-designator?filters=%7B%22designatorCode%22%3A%7B%22eq%22%3A%22Q%22%7D%7D (13 ms) 400
[2026-07-22 17:57:41.123] [32mhttp[39m: GET /api/reference-designator?filters=%7B%22designatorCode%22%3A%7B%22eq%22%3A%22Q%22%7D%7D (12 ms) 400
[2026-07-22 17:57:41.134] [32mhttp[39m: GET /api/reference-designator?filters=%7B%22designatorCode%22%3A%7B%22eq%22%3A%22R%22%7D%7D (7 ms) 400
[2026-07-22 17:57:41.146] [32mhttp[39m: GET /api/reference-designator?filters=%7B%22designatorCode%22%3A%7B%22eq%22%3A%22R%22%7D%7D (7 ms) 400
[2026-07-22 17:57:41.155] [32mhttp[39m: GET /api/reference-designator?filters=%7B%22designatorCode%22%3A%7B%22eq%22%3A%22R%22%7D%7D (7 ms) 400
[2026-07-22 17:57:41.165] [32mhttp[39m: GET /api/reference-designator?filters=%7B%22designatorCode%22%3A%7B%22eq%22%3A%22R%22%7D%7D (6 ms) 400
[2026-07-22 17:57:41.178] [32mhttp[39m: GET /api/reference-designator?filters=%7B%22designatorCode%22%3A%7B%22eq%22%3A%22R%22%7D%7D (10 ms) 400
[2026-07-22 17:57:41.197] [32mhttp[39m: GET /api/reference-designator?filters=%7B%22designatorCode%22%3A%7B%22eq%22%3A%22R%22%7D%7D (15 ms) 400
[2026-07-22 17:57:41.214] [32mhttp[39m: GET /api/reference-designator?filters=%7B%22designatorCode%22%3A%7B%22eq%22%3A%22R%22%7D%7D (13 ms) 400
[2026-07-22 17:57:41.246] [32mhttp[39m: GET /api/reference-designator?filters=%7B%22designatorCode%22%3A%7B%22eq%22%3A%22R%22%7D%7D (10 ms) 400
[2026-07-22 17:57:41.258] [32mhttp[39m: GET /api/reference-designator?filters=%7B%22designatorCode%22%3A%7B%22eq%22%3A%22R%22%7D%7D (9 ms) 400
[2026-07-22 17:57:41.265] [32mhttp[39m: GET /api/reference-designator?filters=%7B%22designatorCode%22%3A%7B%22eq%22%3A%22R%22%7D%7D (5 ms) 400
[2026-07-22 17:57:41.276] [32mhttp[39m: GET /api/reference-designator?filters=%7B%22designatorCode%22%3A%7B%22eq%22%3A%22R%22%7D%7D (9 ms) 400
[2026-07-22 17:57:41.290] [32mhttp[39m: GET /api/reference-designator?filters=%7B%22designatorCode%22%3A%7B%22eq%22%3A%22R%22%7D%7D (11 ms) 400
[2026-07-22 17:57:41.300] [32mhttp[39m: GET /api/reference-designator?filters=%7B%22designatorCode%22%3A%7B%22eq%22%3A%22R%22%7D%7D (7 ms) 400
[2026-07-22 17:57:41.309] [32mhttp[39m: GET /api/reference-designator?filters=%7B%22designatorCode%22%3A%7B%22eq%22%3A%22R%22%7D%7D (7 ms) 400
[2026-07-22 17:57:41.315] [32mhttp[39m: GET /api/reference-designator?filters=%7B%22designatorCode%22%3A%7B%22eq%22%3A%22R%22%7D%7D (4 ms) 400
[2026-07-22 17:57:41.328] [32mhttp[39m: GET /api/reference-designator?filters=%7B%22designatorCode%22%3A%7B%22eq%22%3A%22R%22%7D%7D (11 ms) 400
[2026-07-22 17:57:41.349] [32mhttp[39m: GET /api/reference-designator?filters=%7B%22designatorCode%22%3A%7B%22eq%22%3A%22R%22%7D%7D (14 ms) 400
[2026-07-22 17:57:41.366] [32mhttp[39m: GET /api/reference-designator?filters=%7B%22designatorCode%22%3A%7B%22eq%22%3A%22R%22%7D%7D (14 ms) 400
[2026-07-22 17:57:41.382] [32mhttp[39m: GET /api/reference-designator?filters=%7B%22designatorCode%22%3A%7B%22eq%22%3A%22R%22%7D%7D (13 ms) 400
[2026-07-22 17:57:41.398] [32mhttp[39m: GET /api/reference-designator?filters=%7B%22designatorCode%22%3A%7B%22eq%22%3A%22R%22%7D%7D (13 ms) 400
[2026-07-22 17:57:41.425] [32mhttp[39m: GET /api/reference-designator?filters=%7B%22designatorCode%22%3A%7B%22eq%22%3A%22R%22%7D%7D (10 ms) 400
[2026-07-22 17:57:41.432] [32mhttp[39m: GET /api/reference-designator?filters=%7B%22designatorCode%22%3A%7B%22eq%22%3A%22R%22%7D%7D (5 ms) 400
[2026-07-22 17:57:41.443] [32mhttp[39m: GET /api/reference-designator?filters=%7B%22designatorCode%22%3A%7B%22eq%22%3A%22R%22%7D%7D (9 ms) 400
[2026-07-22 17:57:41.456] [32mhttp[39m: GET /api/reference-designator?filters=%7B%22designatorCode%22%3A%7B%22eq%22%3A%22R%22%7D%7D (9 ms) 400
[2026-07-22 17:57:41.469] [32mhttp[39m: GET /api/reference-designator?filters=%7B%22designatorCode%22%3A%7B%22eq%22%3A%22SW%22%7D%7D (9 ms) 400
[2026-07-22 17:57:41.489] [32mhttp[39m: GET /api/reference-designator?filters=%7B%22designatorCode%22%3A%7B%22eq%22%3A%22T%22%7D%7D (9 ms) 400
[2026-07-22 17:57:41.500] [32mhttp[39m: GET /api/reference-designator?filters=%7B%22designatorCode%22%3A%7B%22eq%22%3A%22T%22%7D%7D (8 ms) 400
[2026-07-22 17:57:41.512] [32mhttp[39m: GET /api/reference-designator?filters=%7B%22designatorCode%22%3A%7B%22eq%22%3A%22T%22%7D%7D (9 ms) 400
[2026-07-22 17:57:41.527] [32mhttp[39m: GET /api/reference-designator?filters=%7B%22designatorCode%22%3A%7B%22eq%22%3A%22U%22%7D%7D (12 ms) 400
[2026-07-22 17:57:41.542] [32mhttp[39m: GET /api/reference-designator?filters=%7B%22designatorCode%22%3A%7B%22eq%22%3A%22U%22%7D%7D (12 ms) 400
[2026-07-22 17:57:41.557] [32mhttp[39m: GET /api/reference-designator?filters=%7B%22designatorCode%22%3A%7B%22eq%22%3A%22U%22%7D%7D (12 ms) 400
[2026-07-22 17:57:41.568] [32mhttp[39m: GET /api/reference-designator?filters=%7B%22designatorCode%22%3A%7B%22eq%22%3A%22U%22%7D%7D (8 ms) 400
[2026-07-22 17:57:41.586] [32mhttp[39m: GET /api/reference-designator?filters=%7B%22designatorCode%22%3A%7B%22eq%22%3A%22X%22%7D%7D (13 ms) 400
[2026-07-22 17:57:41.622] [32mhttp[39m: POST /api/audit-log (9 ms) 400
[2026-07-22 17:58:44.884] [32mhttp[39m: GET /api/reference-designator?filters=%7B%22designatorCode%22%3A%7B%22eq%22%3A%22C%22%7D%7D (14 ms) 400
[2026-07-22 17:58:44.927] [32mhttp[39m: GET /api/reference-designator?filters=%7B%22designatorCode%22%3A%7B%22eq%22%3A%22C%22%7D%7D (15 ms) 400
[2026-07-22 17:58:44.949] [32mhttp[39m: GET /api/reference-designator?filters=%7B%22designatorCode%22%3A%7B%22eq%22%3A%22C%22%7D%7D (17 ms) 400
[2026-07-22 17:58:44.970] [32mhttp[39m: GET /api/reference-designator?filters=%7B%22designatorCode%22%3A%7B%22eq%22%3A%22C%22%7D%7D (12 ms) 400
[2026-07-22 17:58:44.987] [32mhttp[39m: GET /api/reference-designator?filters=%7B%22designatorCode%22%3A%7B%22eq%22%3A%22C%22%7D%7D (8 ms) 400
[2026-07-22 17:58:45.009] [32mhttp[39m: GET /api/reference-designator?filters=%7B%22designatorCode%22%3A%7B%22eq%22%3A%22C%22%7D%7D (15 ms) 400
[2026-07-22 17:58:45.029] [32mhttp[39m: GET /api/reference-designator?filters=%7B%22designatorCode%22%3A%7B%22eq%22%3A%22C%22%7D%7D (15 ms) 400
[2026-07-22 17:58:45.048] [32mhttp[39m: GET /api/reference-designator?filters=%7B%22designatorCode%22%3A%7B%22eq%22%3A%22C%22%7D%7D (14 ms) 400
[2026-07-22 17:58:45.065] [32mhttp[39m: GET /api/reference-designator?filters=%7B%22designatorCode%22%3A%7B%22eq%22%3A%22C%22%7D%7D (13 ms) 400
[2026-07-22 17:58:45.083] [32mhttp[39m: GET /api/reference-designator?filters=%7B%22designatorCode%22%3A%7B%22eq%22%3A%22C%22%7D%7D (14 ms) 400
[2026-07-22 17:58:45.102] [32mhttp[39m: GET /api/reference-designator?filters=%7B%22designatorCode%22%3A%7B%22eq%22%3A%22C%22%7D%7D (15 ms) 400
[2026-07-22 17:58:45.129] [32mhttp[39m: GET /api/reference-designator?filters=%7B%22designatorCode%22%3A%7B%22eq%22%3A%22C%22%7D%7D (14 ms) 400
[2026-07-22 17:58:45.146] [32mhttp[39m: GET /api/reference-designator?filters=%7B%22designatorCode%22%3A%7B%22eq%22%3A%22C%22%7D%7D (13 ms) 400
[2026-07-22 17:58:45.165] [32mhttp[39m: GET /api/reference-designator?filters=%7B%22designatorCode%22%3A%7B%22eq%22%3A%22C%22%7D%7D (13 ms) 400
[2026-07-22 17:58:45.186] [32mhttp[39m: GET /api/reference-designator?filters=%7B%22designatorCode%22%3A%7B%22eq%22%3A%22C%22%7D%7D (18 ms) 400
[2026-07-22 17:58:45.214] [32mhttp[39m: GET /api/reference-designator?filters=%7B%22designatorCode%22%3A%7B%22eq%22%3A%22C%22%7D%7D (18 ms) 400
[2026-07-22 17:58:45.234] [32mhttp[39m: GET /api/reference-designator?filters=%7B%22designatorCode%22%3A%7B%22eq%22%3A%22C%22%7D%7D (16 ms) 400
[2026-07-22 17:58:45.254] [32mhttp[39m: GET /api/reference-designator?filters=%7B%22designatorCode%22%3A%7B%22eq%22%3A%22D%22%7D%7D (12 ms) 400
[2026-07-22 17:58:45.277] [32mhttp[39m: GET /api/reference-designator?filters=%7B%22designatorCode%22%3A%7B%22eq%22%3A%22D%22%7D%7D (14 ms) 400
[2026-07-22 17:58:45.294] [32mhttp[39m: GET /api/reference-designator?filters=%7B%22designatorCode%22%3A%7B%22eq%22%3A%22D%22%7D%7D (13 ms) 400
[2026-07-22 17:58:45.316] [32mhttp[39m: GET /api/reference-designator?filters=%7B%22designatorCode%22%3A%7B%22eq%22%3A%22D%22%7D%7D (13 ms) 400
[2026-07-22 17:58:45.332] [32mhttp[39m: GET /api/reference-designator?filters=%7B%22designatorCode%22%3A%7B%22eq%22%3A%22D%22%7D%7D (10 ms) 400
[2026-07-22 17:58:45.348] [32mhttp[39m: GET /api/reference-designator?filters=%7B%22designatorCode%22%3A%7B%22eq%22%3A%22D%22%7D%7D (13 ms) 400
[2026-07-22 17:58:45.366] [32mhttp[39m: GET /api/reference-designator?filters=%7B%22designatorCode%22%3A%7B%22eq%22%3A%22J%22%7D%7D (13 ms) 400
[2026-07-22 17:58:45.386] [32mhttp[39m: GET /api/reference-designator?filters=%7B%22designatorCode%22%3A%7B%22eq%22%3A%22J%22%7D%7D (15 ms) 400
[2026-07-22 17:58:45.402] [32mhttp[39m: GET /api/reference-designator?filters=%7B%22designatorCode%22%3A%7B%22eq%22%3A%22J%22%7D%7D (10 ms) 400
[2026-07-22 17:58:45.420] [32mhttp[39m: GET /api/reference-designator?filters=%7B%22designatorCode%22%3A%7B%22eq%22%3A%22J%22%7D%7D (9 ms) 400
[2026-07-22 17:58:45.435] [32mhttp[39m: GET /api/reference-designator?filters=%7B%22designatorCode%22%3A%7B%22eq%22%3A%22J%22%7D%7D (8 ms) 400
[2026-07-22 17:58:45.450] [32mhttp[39m: GET /api/reference-designator?filters=%7B%22designatorCode%22%3A%7B%22eq%22%3A%22J%22%7D%7D (8 ms) 400
[2026-07-22 17:58:45.535] [32mhttp[39m: GET /api/reference-designator?filters=%7B%22designatorCode%22%3A%7B%22eq%22%3A%22J%22%7D%7D (7 ms) 400
[2026-07-22 17:58:45.551] [32mhttp[39m: GET /api/reference-designator?filters=%7B%22designatorCode%22%3A%7B%22eq%22%3A%22J%22%7D%7D (9 ms) 400
[2026-07-22 17:58:45.579] [32mhttp[39m: GET /api/reference-designator?filters=%7B%22designatorCode%22%3A%7B%22eq%22%3A%22J%22%7D%7D (18 ms) 400
[2026-07-22 17:58:45.673] [32mhttp[39m: GET /api/reference-designator?filters=%7B%22designatorCode%22%3A%7B%22eq%22%3A%22J%22%7D%7D (9 ms) 400
[2026-07-22 17:58:45.702] [32mhttp[39m: GET /api/reference-designator?filters=%7B%22designatorCode%22%3A%7B%22eq%22%3A%22J%22%7D%7D (13 ms) 400
[2026-07-22 17:58:45.719] [32mhttp[39m: GET /api/reference-designator?filters=%7B%22designatorCode%22%3A%7B%22eq%22%3A%22J%22%7D%7D (10 ms) 400
[2026-07-22 17:58:45.741] [32mhttp[39m: GET /api/reference-designator?filters=%7B%22designatorCode%22%3A%7B%22eq%22%3A%22L%22%7D%7D (15 ms) 400
[2026-07-22 17:58:45.761] [32mhttp[39m: GET /api/reference-designator?filters=%7B%22designatorCode%22%3A%7B%22eq%22%3A%22L%22%7D%7D (12 ms) 400
[2026-07-22 17:58:45.777] [32mhttp[39m: GET /api/reference-designator?filters=%7B%22designatorCode%22%3A%7B%22eq%22%3A%22M%22%7D%7D (11 ms) 400
[2026-07-22 17:58:46.068] [32mhttp[39m: GET /api/reference-designator?filters=%7B%22designatorCode%22%3A%7B%22eq%22%3A%22UNKNOWN%22%7D%7D (11 ms) 400
[2026-07-22 17:58:46.098] [32mhttp[39m: GET /api/reference-designator?filters=%7B%22designatorCode%22%3A%7B%22eq%22%3A%22Q%22%7D%7D (8 ms) 400
[2026-07-22 17:58:46.118] [32mhttp[39m: GET /api/reference-designator?filters=%7B%22designatorCode%22%3A%7B%22eq%22%3A%22Q%22%7D%7D (17 ms) 400
[2026-07-22 17:58:46.134] [32mhttp[39m: GET /api/reference-designator?filters=%7B%22designatorCode%22%3A%7B%22eq%22%3A%22R%22%7D%7D (9 ms) 400
[2026-07-22 17:58:46.148] [32mhttp[39m: GET /api/reference-designator?filters=%7B%22designatorCode%22%3A%7B%22eq%22%3A%22R%22%7D%7D (11 ms) 400
[2026-07-22 17:58:46.165] [32mhttp[39m: GET /api/reference-designator?filters=%7B%22designatorCode%22%3A%7B%22eq%22%3A%22R%22%7D%7D (12 ms) 400
[2026-07-22 17:58:46.181] [32mhttp[39m: GET /api/reference-designator?filters=%7B%22designatorCode%22%3A%7B%22eq%22%3A%22R%22%7D%7D (12 ms) 400
[2026-07-22 17:58:46.198] [32mhttp[39m: GET /api/reference-designator?filters=%7B%22designatorCode%22%3A%7B%22eq%22%3A%22R%22%7D%7D (14 ms) 400
[2026-07-22 17:58:46.216] [32mhttp[39m: GET /api/reference-designator?filters=%7B%22designatorCode%22%3A%7B%22eq%22%3A%22R%22%7D%7D (13 ms) 400
[2026-07-22 17:58:46.230] [32mhttp[39m: GET /api/reference-designator?filters=%7B%22designatorCode%22%3A%7B%22eq%22%3A%22R%22%7D%7D (12 ms) 400
[2026-07-22 17:58:46.342] [32mhttp[39m: GET /api/reference-designator?filters=%7B%22designatorCode%22%3A%7B%22eq%22%3A%22R%22%7D%7D (11 ms) 400
[2026-07-22 17:58:46.352] [32mhttp[39m: GET /api/reference-designator?filters=%7B%22designatorCode%22%3A%7B%22eq%22%3A%22R%22%7D%7D (6 ms) 400
[2026-07-22 17:58:46.369] [32mhttp[39m: GET /api/reference-designator?filters=%7B%22designatorCode%22%3A%7B%22eq%22%3A%22R%22%7D%7D (11 ms) 400
[2026-07-22 17:58:46.385] [32mhttp[39m: GET /api/reference-designator?filters=%7B%22designatorCode%22%3A%7B%22eq%22%3A%22R%22%7D%7D (10 ms) 400
[2026-07-22 17:58:46.403] [32mhttp[39m: GET /api/reference-designator?filters=%7B%22designatorCode%22%3A%7B%22eq%22%3A%22R%22%7D%7D (12 ms) 400
[2026-07-22 17:58:46.425] [32mhttp[39m: GET /api/reference-designator?filters=%7B%22designatorCode%22%3A%7B%22eq%22%3A%22R%22%7D%7D (14 ms) 400
[2026-07-22 17:58:46.442] [32mhttp[39m: GET /api/reference-designator?filters=%7B%22designatorCode%22%3A%7B%22eq%22%3A%22R%22%7D%7D (13 ms) 400
[2026-07-22 17:58:46.469] [32mhttp[39m: GET /api/reference-designator?filters=%7B%22designatorCode%22%3A%7B%22eq%22%3A%22R%22%7D%7D (20 ms) 400
[2026-07-22 17:58:46.484] [32mhttp[39m: GET /api/reference-designator?filters=%7B%22designatorCode%22%3A%7B%22eq%22%3A%22R%22%7D%7D (9 ms) 400
[2026-07-22 17:58:46.514] [32mhttp[39m: GET /api/reference-designator?filters=%7B%22designatorCode%22%3A%7B%22eq%22%3A%22R%22%7D%7D (12 ms) 400
[2026-07-22 17:58:46.526] [32mhttp[39m: GET /api/reference-designator?filters=%7B%22designatorCode%22%3A%7B%22eq%22%3A%22R%22%7D%7D (9 ms) 400
[2026-07-22 17:58:46.541] [32mhttp[39m: GET /api/reference-designator?filters=%7B%22designatorCode%22%3A%7B%22eq%22%3A%22R%22%7D%7D (12 ms) 400
[2026-07-22 17:58:46.559] [32mhttp[39m: GET /api/reference-designator?filters=%7B%22designatorCode%22%3A%7B%22eq%22%3A%22R%22%7D%7D (14 ms) 400
[2026-07-22 17:58:46.571] [32mhttp[39m: GET /api/reference-designator?filters=%7B%22designatorCode%22%3A%7B%22eq%22%3A%22R%22%7D%7D (9 ms) 400
[2026-07-22 17:58:46.586] [32mhttp[39m: GET /api/reference-designator?filters=%7B%22designatorCode%22%3A%7B%22eq%22%3A%22R%22%7D%7D (9 ms) 400
[2026-07-22 17:58:46.597] [32mhttp[39m: GET /api/reference-designator?filters=%7B%22designatorCode%22%3A%7B%22eq%22%3A%22R%22%7D%7D (7 ms) 400
[2026-07-22 17:58:46.610] [32mhttp[39m: GET /api/reference-designator?filters=%7B%22designatorCode%22%3A%7B%22eq%22%3A%22R%22%7D%7D (9 ms) 400
[2026-07-22 17:58:46.624] [32mhttp[39m: GET /api/reference-designator?filters=%7B%22designatorCode%22%3A%7B%22eq%22%3A%22SW%22%7D%7D (11 ms) 400
[2026-07-22 17:58:46.653] [32mhttp[39m: GET /api/reference-designator?filters=%7B%22designatorCode%22%3A%7B%22eq%22%3A%22T%22%7D%7D (19 ms) 400
[2026-07-22 17:58:46.681] [32mhttp[39m: GET /api/reference-designator?filters=%7B%22designatorCode%22%3A%7B%22eq%22%3A%22T%22%7D%7D (18 ms) 400
[2026-07-22 17:58:46.703] [32mhttp[39m: GET /api/reference-designator?filters=%7B%22designatorCode%22%3A%7B%22eq%22%3A%22T%22%7D%7D (19 ms) 400
[2026-07-22 17:58:46.736] [32mhttp[39m: GET /api/reference-designator?filters=%7B%22designatorCode%22%3A%7B%22eq%22%3A%22U%22%7D%7D (24 ms) 400
[2026-07-22 17:58:46.749] [32mhttp[39m: GET /api/reference-designator?filters=%7B%22designatorCode%22%3A%7B%22eq%22%3A%22U%22%7D%7D (6 ms) 400
[2026-07-22 17:58:46.760] [32mhttp[39m: GET /api/reference-designator?filters=%7B%22designatorCode%22%3A%7B%22eq%22%3A%22U%22%7D%7D (8 ms) 400
[2026-07-22 17:58:46.768] [32mhttp[39m: GET /api/reference-designator?filters=%7B%22designatorCode%22%3A%7B%22eq%22%3A%22U%22%7D%7D (5 ms) 400
[2026-07-22 17:58:46.779] [32mhttp[39m: GET /api/reference-designator?filters=%7B%22designatorCode%22%3A%7B%22eq%22%3A%22X%22%7D%7D (9 ms) 400
[2026-07-22 17:58:46.845] [32mhttp[39m: POST /api/audit-log (35 ms) 201
[2026-07-22 17:59:02.460] [32mhttp[39m: POST /api/bom-entry (53 ms) 201
[2026-07-22 18:03:11.223] [32mhttp[39m: POST /api/bom-entry (11 ms) 400
[2026-07-22 18:03:33.288] [32mhttp[39m: POST /api/bom-entry (37 ms) 201
[2026-07-22 18:03:50.121] [32mhttp[39m: DELETE /api/bom-entry (1 ms) 405
[2026-07-22 18:03:50.242] [32mhttp[39m: DELETE /api/device (1 ms) 405
[2026-07-22 18:04:07.076] [32mhttp[39m: GET /api/bom-entries (9 ms) 404
[2026-07-22 18:04:07.208] [32mhttp[39m: GET /api/devices (3 ms) 404
[2026-07-22 18:04:19.508] [32mhttp[39m: GET /api/bom-entry (20 ms) 200
[2026-07-22 18:04:19.646] [32mhttp[39m: DELETE /api/bom-entry/beoio5n4hn8ckexbghe0s9rn (46 ms) 204
[2026-07-22 18:04:19.700] [32mhttp[39m: DELETE /api/bom-entry/ci6yrsdegeu5vgsema81j8ql (30 ms) 204
[2026-07-22 18:04:19.718] [32mhttp[39m: GET /api/device (14 ms) 200
[2026-07-22 18:04:19.744] [32mhttp[39m: DELETE /api/device/iikk7xrvff1sr6e47c7b84xe (23 ms) 204
[2026-07-22 18:04:32.992] [32mhttp[39m: GET /api/reference-designator?filters=%7B%22designatorCode%22%3A%7B%22eq%22%3A%22C%22%7D%7D (12 ms) 400
[2026-07-22 18:04:33.014] [32mhttp[39m: GET /api/reference-designator?filters=%7B%22designatorCode%22%3A%7B%22eq%22%3A%22C%22%7D%7D (12 ms) 400
[2026-07-22 18:04:33.026] [32mhttp[39m: GET /api/reference-designator?filters=%7B%22designatorCode%22%3A%7B%22eq%22%3A%22C%22%7D%7D (9 ms) 400
[2026-07-22 18:04:33.046] [32mhttp[39m: GET /api/reference-designator?filters=%7B%22designatorCode%22%3A%7B%22eq%22%3A%22C%22%7D%7D (15 ms) 400
[2026-07-22 18:04:33.058] [32mhttp[39m: GET /api/reference-designator?filters=%7B%22designatorCode%22%3A%7B%22eq%22%3A%22C%22%7D%7D (8 ms) 400
[2026-07-22 18:04:33.077] [32mhttp[39m: GET /api/reference-designator?filters=%7B%22designatorCode%22%3A%7B%22eq%22%3A%22C%22%7D%7D (14 ms) 400
[2026-07-22 18:04:33.092] [32mhttp[39m: GET /api/reference-designator?filters=%7B%22designatorCode%22%3A%7B%22eq%22%3A%22C%22%7D%7D (11 ms) 400
[2026-07-22 18:04:33.110] [32mhttp[39m: GET /api/reference-designator?filters=%7B%22designatorCode%22%3A%7B%22eq%22%3A%22C%22%7D%7D (12 ms) 400
[2026-07-22 18:04:33.127] [32mhttp[39m: GET /api/reference-designator?filters=%7B%22designatorCode%22%3A%7B%22eq%22%3A%22C%22%7D%7D (12 ms) 400
[2026-07-22 18:04:33.145] [32mhttp[39m: GET /api/reference-designator?filters=%7B%22designatorCode%22%3A%7B%22eq%22%3A%22C%22%7D%7D (10 ms) 400
[2026-07-22 18:04:33.158] [32mhttp[39m: GET /api/reference-designator?filters=%7B%22designatorCode%22%3A%7B%22eq%22%3A%22C%22%7D%7D (9 ms) 400
[2026-07-22 18:04:33.175] [32mhttp[39m: GET /api/reference-designator?filters=%7B%22designatorCode%22%3A%7B%22eq%22%3A%22C%22%7D%7D (7 ms) 400
[2026-07-22 18:04:33.183] [32mhttp[39m: GET /api/reference-designator?filters=%7B%22designatorCode%22%3A%7B%22eq%22%3A%22C%22%7D%7D (4 ms) 400
[2026-07-22 18:04:33.197] [32mhttp[39m: GET /api/reference-designator?filters=%7B%22designatorCode%22%3A%7B%22eq%22%3A%22C%22%7D%7D (9 ms) 400
[2026-07-22 18:04:33.213] [32mhttp[39m: GET /api/reference-designator?filters=%7B%22designatorCode%22%3A%7B%22eq%22%3A%22C%22%7D%7D (10 ms) 400
[2026-07-22 18:04:33.228] [32mhttp[39m: GET /api/reference-designator?filters=%7B%22designatorCode%22%3A%7B%22eq%22%3A%22C%22%7D%7D (10 ms) 400
[2026-07-22 18:04:33.242] [32mhttp[39m: GET /api/reference-designator?filters=%7B%22designatorCode%22%3A%7B%22eq%22%3A%22C%22%7D%7D (10 ms) 400
[2026-07-22 18:04:33.259] [32mhttp[39m: GET /api/reference-designator?filters=%7B%22designatorCode%22%3A%7B%22eq%22%3A%22D%22%7D%7D (12 ms) 400
[2026-07-22 18:04:33.275] [32mhttp[39m: GET /api/reference-designator?filters=%7B%22designatorCode%22%3A%7B%22eq%22%3A%22D%22%7D%7D (12 ms) 400
[2026-07-22 18:04:33.289] [32mhttp[39m: GET /api/reference-designator?filters=%7B%22designatorCode%22%3A%7B%22eq%22%3A%22D%22%7D%7D (9 ms) 400
[2026-07-22 18:04:33.329] [32mhttp[39m: GET /api/reference-designator?filters=%7B%22designatorCode%22%3A%7B%22eq%22%3A%22D%22%7D%7D (10 ms) 400
[2026-07-22 18:04:33.344] [32mhttp[39m: GET /api/reference-designator?filters=%7B%22designatorCode%22%3A%7B%22eq%22%3A%22D%22%7D%7D (11 ms) 400
[2026-07-22 18:04:33.363] [32mhttp[39m: GET /api/reference-designator?filters=%7B%22designatorCode%22%3A%7B%22eq%22%3A%22D%22%7D%7D (13 ms) 400
[2026-07-22 18:04:33.379] [32mhttp[39m: GET /api/reference-designator?filters=%7B%22designatorCode%22%3A%7B%22eq%22%3A%22J%22%7D%7D (11 ms) 400
[2026-07-22 18:04:33.395] [32mhttp[39m: GET /api/reference-designator?filters=%7B%22designatorCode%22%3A%7B%22eq%22%3A%22J%22%7D%7D (10 ms) 400
[2026-07-22 18:04:33.409] [32mhttp[39m: GET /api/reference-designator?filters=%7B%22designatorCode%22%3A%7B%22eq%22%3A%22J%22%7D%7D (8 ms) 400
[2026-07-22 18:04:33.432] [32mhttp[39m: GET /api/reference-designator?filters=%7B%22designatorCode%22%3A%7B%22eq%22%3A%22J%22%7D%7D (18 ms) 400
[2026-07-22 18:04:33.446] [32mhttp[39m: GET /api/reference-designator?filters=%7B%22designatorCode%22%3A%7B%22eq%22%3A%22J%22%7D%7D (8 ms) 400
[2026-07-22 18:04:33.457] [32mhttp[39m: GET /api/reference-designator?filters=%7B%22designatorCode%22%3A%7B%22eq%22%3A%22J%22%7D%7D (7 ms) 400
[2026-07-22 18:04:33.577] [32mhttp[39m: GET /api/reference-designator?filters=%7B%22designatorCode%22%3A%7B%22eq%22%3A%22J%22%7D%7D (11 ms) 400
[2026-07-22 18:04:33.586] [32mhttp[39m: GET /api/reference-designator?filters=%7B%22designatorCode%22%3A%7B%22eq%22%3A%22J%22%7D%7D (4 ms) 400
[2026-07-22 18:04:33.602] [32mhttp[39m: GET /api/reference-designator?filters=%7B%22designatorCode%22%3A%7B%22eq%22%3A%22J%22%7D%7D (9 ms) 400
[2026-07-22 18:04:33.616] [32mhttp[39m: GET /api/reference-designator?filters=%7B%22designatorCode%22%3A%7B%22eq%22%3A%22J%22%7D%7D (8 ms) 400
[2026-07-22 18:04:33.632] [32mhttp[39m: GET /api/reference-designator?filters=%7B%22designatorCode%22%3A%7B%22eq%22%3A%22J%22%7D%7D (9 ms) 400
[2026-07-22 18:04:33.644] [32mhttp[39m: GET /api/reference-designator?filters=%7B%22designatorCode%22%3A%7B%22eq%22%3A%22J%22%7D%7D (8 ms) 400
[2026-07-22 18:04:33.657] [32mhttp[39m: GET /api/reference-designator?filters=%7B%22designatorCode%22%3A%7B%22eq%22%3A%22L%22%7D%7D (9 ms) 400
[2026-07-22 18:04:33.794] [32mhttp[39m: GET /api/reference-designator?filters=%7B%22designatorCode%22%3A%7B%22eq%22%3A%22L%22%7D%7D (9 ms) 400
[2026-07-22 18:04:33.881] [32mhttp[39m: GET /api/reference-designator?filters=%7B%22designatorCode%22%3A%7B%22eq%22%3A%22M%22%7D%7D (11 ms) 400
[2026-07-22 18:04:33.979] [32mhttp[39m: GET /api/reference-designator?filters=%7B%22designatorCode%22%3A%7B%22eq%22%3A%22UNKNOWN%22%7D%7D (11 ms) 400
[2026-07-22 18:04:33.994] [32mhttp[39m: GET /api/reference-designator?filters=%7B%22designatorCode%22%3A%7B%22eq%22%3A%22Q%22%7D%7D (10 ms) 400
[2026-07-22 18:04:34.010] [32mhttp[39m: GET /api/reference-designator?filters=%7B%22designatorCode%22%3A%7B%22eq%22%3A%22Q%22%7D%7D (12 ms) 400
[2026-07-22 18:04:34.015] [32mhttp[39m: GET /api/reference-designator?filters=%7B%22designatorCode%22%3A%7B%22eq%22%3A%22R%22%7D%7D (4 ms) 400
[2026-07-22 18:04:34.025] [32mhttp[39m: GET /api/reference-designator?filters=%7B%22designatorCode%22%3A%7B%22eq%22%3A%22R%22%7D%7D (8 ms) 400
[2026-07-22 18:04:34.032] [32mhttp[39m: GET /api/reference-designator?filters=%7B%22designatorCode%22%3A%7B%22eq%22%3A%22R%22%7D%7D (5 ms) 400
[2026-07-22 18:04:34.041] [32mhttp[39m: GET /api/reference-designator?filters=%7B%22designatorCode%22%3A%7B%22eq%22%3A%22R%22%7D%7D (7 ms) 400
[2026-07-22 18:04:34.049] [32mhttp[39m: GET /api/reference-designator?filters=%7B%22designatorCode%22%3A%7B%22eq%22%3A%22R%22%7D%7D (6 ms) 400
[2026-07-22 18:04:34.059] [32mhttp[39m: GET /api/reference-designator?filters=%7B%22designatorCode%22%3A%7B%22eq%22%3A%22R%22%7D%7D (7 ms) 400
[2026-07-22 18:04:34.069] [32mhttp[39m: GET /api/reference-designator?filters=%7B%22designatorCode%22%3A%7B%22eq%22%3A%22R%22%7D%7D (7 ms) 400
[2026-07-22 18:04:34.095] [32mhttp[39m: GET /api/reference-designator?filters=%7B%22designatorCode%22%3A%7B%22eq%22%3A%22R%22%7D%7D (15 ms) 400
[2026-07-22 18:04:34.110] [32mhttp[39m: GET /api/reference-designator?filters=%7B%22designatorCode%22%3A%7B%22eq%22%3A%22R%22%7D%7D (13 ms) 400
[2026-07-22 18:04:34.134] [32mhttp[39m: GET /api/reference-designator?filters=%7B%22designatorCode%22%3A%7B%22eq%22%3A%22R%22%7D%7D (22 ms) 400
[2026-07-22 18:04:34.157] [32mhttp[39m: GET /api/reference-designator?filters=%7B%22designatorCode%22%3A%7B%22eq%22%3A%22R%22%7D%7D (19 ms) 400
[2026-07-22 18:04:34.190] [32mhttp[39m: GET /api/reference-designator?filters=%7B%22designatorCode%22%3A%7B%22eq%22%3A%22R%22%7D%7D (29 ms) 400
[2026-07-22 18:04:34.202] [32mhttp[39m: GET /api/reference-designator?filters=%7B%22designatorCode%22%3A%7B%22eq%22%3A%22R%22%7D%7D (8 ms) 400
[2026-07-22 18:04:34.214] [32mhttp[39m: GET /api/reference-designator?filters=%7B%22designatorCode%22%3A%7B%22eq%22%3A%22R%22%7D%7D (8 ms) 400
[2026-07-22 18:04:34.226] [32mhttp[39m: GET /api/reference-designator?filters=%7B%22designatorCode%22%3A%7B%22eq%22%3A%22R%22%7D%7D (9 ms) 400
[2026-07-22 18:04:34.236] [32mhttp[39m: GET /api/reference-designator?filters=%7B%22designatorCode%22%3A%7B%22eq%22%3A%22R%22%7D%7D (8 ms) 400
[2026-07-22 18:04:34.264] [32mhttp[39m: GET /api/reference-designator?filters=%7B%22designatorCode%22%3A%7B%22eq%22%3A%22R%22%7D%7D (13 ms) 400
[2026-07-22 18:04:34.280] [32mhttp[39m: GET /api/reference-designator?filters=%7B%22designatorCode%22%3A%7B%22eq%22%3A%22R%22%7D%7D (13 ms) 400
[2026-07-22 18:04:34.293] [32mhttp[39m: GET /api/reference-designator?filters=%7B%22designatorCode%22%3A%7B%22eq%22%3A%22R%22%7D%7D (9 ms) 400
[2026-07-22 18:04:34.306] [32mhttp[39m: GET /api/reference-designator?filters=%7B%22designatorCode%22%3A%7B%22eq%22%3A%22R%22%7D%7D (10 ms) 400
[2026-07-22 18:04:34.317] [32mhttp[39m: GET /api/reference-designator?filters=%7B%22designatorCode%22%3A%7B%22eq%22%3A%22R%22%7D%7D (8 ms) 400
[2026-07-22 18:04:34.331] [32mhttp[39m: GET /api/reference-designator?filters=%7B%22designatorCode%22%3A%7B%22eq%22%3A%22R%22%7D%7D (12 ms) 400
[2026-07-22 18:04:34.345] [32mhttp[39m: GET /api/reference-designator?filters=%7B%22designatorCode%22%3A%7B%22eq%22%3A%22R%22%7D%7D (10 ms) 400
[2026-07-22 18:04:34.359] [32mhttp[39m: GET /api/reference-designator?filters=%7B%22designatorCode%22%3A%7B%22eq%22%3A%22R%22%7D%7D (11 ms) 400
[2026-07-22 18:04:34.378] [32mhttp[39m: GET /api/reference-designator?filters=%7B%22designatorCode%22%3A%7B%22eq%22%3A%22SW%22%7D%7D (15 ms) 400
[2026-07-22 18:04:34.396] [32mhttp[39m: GET /api/reference-designator?filters=%7B%22designatorCode%22%3A%7B%22eq%22%3A%22T%22%7D%7D (11 ms) 400
[2026-07-22 18:04:34.409] [32mhttp[39m: GET /api/reference-designator?filters=%7B%22designatorCode%22%3A%7B%22eq%22%3A%22T%22%7D%7D (11 ms) 400
[2026-07-22 18:04:34.424] [32mhttp[39m: GET /api/reference-designator?filters=%7B%22designatorCode%22%3A%7B%22eq%22%3A%22T%22%7D%7D (12 ms) 400
[2026-07-22 18:04:34.434] [32mhttp[39m: GET /api/reference-designator?filters=%7B%22designatorCode%22%3A%7B%22eq%22%3A%22U%22%7D%7D (7 ms) 400
[2026-07-22 18:04:34.446] [32mhttp[39m: GET /api/reference-designator?filters=%7B%22designatorCode%22%3A%7B%22eq%22%3A%22U%22%7D%7D (8 ms) 400
[2026-07-22 18:04:34.455] [32mhttp[39m: GET /api/reference-designator?filters=%7B%22designatorCode%22%3A%7B%22eq%22%3A%22U%22%7D%7D (7 ms) 400
[2026-07-22 18:04:34.465] [32mhttp[39m: GET /api/reference-designator?filters=%7B%22designatorCode%22%3A%7B%22eq%22%3A%22U%22%7D%7D (6 ms) 400
[2026-07-22 18:04:34.475] [32mhttp[39m: GET /api/reference-designator?filters=%7B%22designatorCode%22%3A%7B%22eq%22%3A%22X%22%7D%7D (7 ms) 400
[2026-07-22 18:04:34.515] [32mhttp[39m: POST /api/audit-log (20 ms) 400
[2026-07-22 18:06:16.078] [32mhttp[39m: GET /api/reference-designator?filters=%7B%22designatorCode%22%3A%7B%22eq%22%3A%22C%22%7D%7D (11 ms) 400
[2026-07-22 18:06:16.105] [32mhttp[39m: GET /api/reference-designator?filters=%7B%22designatorCode%22%3A%7B%22eq%22%3A%22C%22%7D%7D (13 ms) 400
[2026-07-22 18:06:16.125] [32mhttp[39m: GET /api/reference-designator?filters=%7B%22designatorCode%22%3A%7B%22eq%22%3A%22C%22%7D%7D (16 ms) 400
[2026-07-22 18:06:16.147] [32mhttp[39m: GET /api/reference-designator?filters=%7B%22designatorCode%22%3A%7B%22eq%22%3A%22C%22%7D%7D (18 ms) 400
[2026-07-22 18:06:16.166] [32mhttp[39m: GET /api/reference-designator?filters=%7B%22designatorCode%22%3A%7B%22eq%22%3A%22C%22%7D%7D (15 ms) 400
[2026-07-22 18:06:16.183] [32mhttp[39m: GET /api/reference-designator?filters=%7B%22designatorCode%22%3A%7B%22eq%22%3A%22C%22%7D%7D (12 ms) 400
[2026-07-22 18:06:16.200] [32mhttp[39m: GET /api/reference-designator?filters=%7B%22designatorCode%22%3A%7B%22eq%22%3A%22C%22%7D%7D (14 ms) 400
[2026-07-22 18:06:16.212] [32mhttp[39m: GET /api/reference-designator?filters=%7B%22designatorCode%22%3A%7B%22eq%22%3A%22C%22%7D%7D (10 ms) 400
[2026-07-22 18:06:16.226] [32mhttp[39m: GET /api/reference-designator?filters=%7B%22designatorCode%22%3A%7B%22eq%22%3A%22C%22%7D%7D (9 ms) 400
[2026-07-22 18:06:16.237] [32mhttp[39m: GET /api/reference-designator?filters=%7B%22designatorCode%22%3A%7B%22eq%22%3A%22C%22%7D%7D (6 ms) 400
[2026-07-22 18:06:16.247] [32mhttp[39m: GET /api/reference-designator?filters=%7B%22designatorCode%22%3A%7B%22eq%22%3A%22C%22%7D%7D (7 ms) 400
[2026-07-22 18:06:16.266] [32mhttp[39m: GET /api/reference-designator?filters=%7B%22designatorCode%22%3A%7B%22eq%22%3A%22C%22%7D%7D (10 ms) 400
[2026-07-22 18:06:16.276] [32mhttp[39m: GET /api/reference-designator?filters=%7B%22designatorCode%22%3A%7B%22eq%22%3A%22C%22%7D%7D (7 ms) 400
[2026-07-22 18:06:16.287] [32mhttp[39m: GET /api/reference-designator?filters=%7B%22designatorCode%22%3A%7B%22eq%22%3A%22C%22%7D%7D (9 ms) 400
[2026-07-22 18:06:16.299] [32mhttp[39m: GET /api/reference-designator?filters=%7B%22designatorCode%22%3A%7B%22eq%22%3A%22C%22%7D%7D (9 ms) 400
[2026-07-22 18:06:16.308] [32mhttp[39m: GET /api/reference-designator?filters=%7B%22designatorCode%22%3A%7B%22eq%22%3A%22C%22%7D%7D (6 ms) 400
[2026-07-22 18:06:16.319] [32mhttp[39m: GET /api/reference-designator?filters=%7B%22designatorCode%22%3A%7B%22eq%22%3A%22C%22%7D%7D (8 ms) 400
[2026-07-22 18:06:16.330] [32mhttp[39m: GET /api/reference-designator?filters=%7B%22designatorCode%22%3A%7B%22eq%22%3A%22D%22%7D%7D (9 ms) 400
[2026-07-22 18:06:16.344] [32mhttp[39m: GET /api/reference-designator?filters=%7B%22designatorCode%22%3A%7B%22eq%22%3A%22D%22%7D%7D (9 ms) 400
[2026-07-22 18:06:16.364] [32mhttp[39m: GET /api/reference-designator?filters=%7B%22designatorCode%22%3A%7B%22eq%22%3A%22D%22%7D%7D (15 ms) 400
[2026-07-22 18:06:16.398] [32mhttp[39m: GET /api/reference-designator?filters=%7B%22designatorCode%22%3A%7B%22eq%22%3A%22D%22%7D%7D (10 ms) 400
[2026-07-22 18:06:16.412] [32mhttp[39m: GET /api/reference-designator?filters=%7B%22designatorCode%22%3A%7B%22eq%22%3A%22D%22%7D%7D (9 ms) 400
[2026-07-22 18:06:16.429] [32mhttp[39m: GET /api/reference-designator?filters=%7B%22designatorCode%22%3A%7B%22eq%22%3A%22D%22%7D%7D (10 ms) 400
[2026-07-22 18:06:16.441] [32mhttp[39m: GET /api/reference-designator?filters=%7B%22designatorCode%22%3A%7B%22eq%22%3A%22J%22%7D%7D (5 ms) 400
[2026-07-22 18:06:16.456] [32mhttp[39m: GET /api/reference-designator?filters=%7B%22designatorCode%22%3A%7B%22eq%22%3A%22J%22%7D%7D (9 ms) 400
[2026-07-22 18:06:16.468] [32mhttp[39m: GET /api/reference-designator?filters=%7B%22designatorCode%22%3A%7B%22eq%22%3A%22J%22%7D%7D (8 ms) 400
[2026-07-22 18:06:16.476] [32mhttp[39m: GET /api/reference-designator?filters=%7B%22designatorCode%22%3A%7B%22eq%22%3A%22J%22%7D%7D (5 ms) 400
[2026-07-22 18:06:16.495] [32mhttp[39m: GET /api/reference-designator?filters=%7B%22designatorCode%22%3A%7B%22eq%22%3A%22J%22%7D%7D (13 ms) 400
[2026-07-22 18:06:16.509] [32mhttp[39m: GET /api/reference-designator?filters=%7B%22designatorCode%22%3A%7B%22eq%22%3A%22J%22%7D%7D (8 ms) 400
[2026-07-22 18:06:16.657] [32mhttp[39m: GET /api/reference-designator?filters=%7B%22designatorCode%22%3A%7B%22eq%22%3A%22J%22%7D%7D (10 ms) 400
[2026-07-22 18:06:16.672] [32mhttp[39m: GET /api/reference-designator?filters=%7B%22designatorCode%22%3A%7B%22eq%22%3A%22J%22%7D%7D (9 ms) 400
[2026-07-22 18:06:16.690] [32mhttp[39m: GET /api/reference-designator?filters=%7B%22designatorCode%22%3A%7B%22eq%22%3A%22J%22%7D%7D (12 ms) 400
[2026-07-22 18:06:16.711] [32mhttp[39m: GET /api/reference-designator?filters=%7B%22designatorCode%22%3A%7B%22eq%22%3A%22J%22%7D%7D (15 ms) 400
[2026-07-22 18:06:16.721] [32mhttp[39m: GET /api/reference-designator?filters=%7B%22designatorCode%22%3A%7B%22eq%22%3A%22J%22%7D%7D (4 ms) 400
[2026-07-22 18:06:16.736] [32mhttp[39m: GET /api/reference-designator?filters=%7B%22designatorCode%22%3A%7B%22eq%22%3A%22J%22%7D%7D (11 ms) 400
[2026-07-22 18:06:16.750] [32mhttp[39m: GET /api/reference-designator?filters=%7B%22designatorCode%22%3A%7B%22eq%22%3A%22L%22%7D%7D (10 ms) 400
[2026-07-22 18:06:16.899] [32mhttp[39m: GET /api/reference-designator?filters=%7B%22designatorCode%22%3A%7B%22eq%22%3A%22L%22%7D%7D (11 ms) 400
[2026-07-22 18:06:17.019] [32mhttp[39m: GET /api/reference-designator?filters=%7B%22designatorCode%22%3A%7B%22eq%22%3A%22M%22%7D%7D (9 ms) 400
[2026-07-22 18:06:17.044] [32mhttp[39m: GET /api/reference-designator?filters=%7B%22designatorCode%22%3A%7B%22eq%22%3A%22UNKNOWN%22%7D%7D (8 ms) 400
[2026-07-22 18:06:17.056] [32mhttp[39m: GET /api/reference-designator?filters=%7B%22designatorCode%22%3A%7B%22eq%22%3A%22Q%22%7D%7D (6 ms) 400
[2026-07-22 18:06:17.068] [32mhttp[39m: GET /api/reference-designator?filters=%7B%22designatorCode%22%3A%7B%22eq%22%3A%22Q%22%7D%7D (10 ms) 400
[2026-07-22 18:06:17.081] [32mhttp[39m: GET /api/reference-designator?filters=%7B%22designatorCode%22%3A%7B%22eq%22%3A%22R%22%7D%7D (10 ms) 400
[2026-07-22 18:06:17.092] [32mhttp[39m: GET /api/reference-designator?filters=%7B%22designatorCode%22%3A%7B%22eq%22%3A%22R%22%7D%7D (8 ms) 400
[2026-07-22 18:06:17.105] [32mhttp[39m: GET /api/reference-designator?filters=%7B%22designatorCode%22%3A%7B%22eq%22%3A%22R%22%7D%7D (9 ms) 400
[2026-07-22 18:06:17.120] [32mhttp[39m: GET /api/reference-designator?filters=%7B%22designatorCode%22%3A%7B%22eq%22%3A%22R%22%7D%7D (12 ms) 400
[2026-07-22 18:06:17.136] [32mhttp[39m: GET /api/reference-designator?filters=%7B%22designatorCode%22%3A%7B%22eq%22%3A%22R%22%7D%7D (12 ms) 400
[2026-07-22 18:06:17.145] [32mhttp[39m: GET /api/reference-designator?filters=%7B%22designatorCode%22%3A%7B%22eq%22%3A%22R%22%7D%7D (6 ms) 400
[2026-07-22 18:06:17.155] [32mhttp[39m: GET /api/reference-designator?filters=%7B%22designatorCode%22%3A%7B%22eq%22%3A%22R%22%7D%7D (6 ms) 400
[2026-07-22 18:06:17.237] [32mhttp[39m: GET /api/reference-designator?filters=%7B%22designatorCode%22%3A%7B%22eq%22%3A%22R%22%7D%7D (9 ms) 400
[2026-07-22 18:06:17.250] [32mhttp[39m: GET /api/reference-designator?filters=%7B%22designatorCode%22%3A%7B%22eq%22%3A%22R%22%7D%7D (10 ms) 400
[2026-07-22 18:06:17.257] [32mhttp[39m: GET /api/reference-designator?filters=%7B%22designatorCode%22%3A%7B%22eq%22%3A%22R%22%7D%7D (4 ms) 400
[2026-07-22 18:06:17.267] [32mhttp[39m: GET /api/reference-designator?filters=%7B%22designatorCode%22%3A%7B%22eq%22%3A%22R%22%7D%7D (8 ms) 400
[2026-07-22 18:06:17.275] [32mhttp[39m: GET /api/reference-designator?filters=%7B%22designatorCode%22%3A%7B%22eq%22%3A%22R%22%7D%7D (4 ms) 400
[2026-07-22 18:06:17.285] [32mhttp[39m: GET /api/reference-designator?filters=%7B%22designatorCode%22%3A%7B%22eq%22%3A%22R%22%7D%7D (8 ms) 400
[2026-07-22 18:06:17.298] [32mhttp[39m: GET /api/reference-designator?filters=%7B%22designatorCode%22%3A%7B%22eq%22%3A%22R%22%7D%7D (10 ms) 400
[2026-07-22 18:06:17.309] [32mhttp[39m: GET /api/reference-designator?filters=%7B%22designatorCode%22%3A%7B%22eq%22%3A%22R%22%7D%7D (8 ms) 400
[2026-07-22 18:06:17.321] [32mhttp[39m: GET /api/reference-designator?filters=%7B%22designatorCode%22%3A%7B%22eq%22%3A%22R%22%7D%7D (9 ms) 400
[2026-07-22 18:06:17.339] [32mhttp[39m: GET /api/reference-designator?filters=%7B%22designatorCode%22%3A%7B%22eq%22%3A%22R%22%7D%7D (5 ms) 400
[2026-07-22 18:06:17.351] [32mhttp[39m: GET /api/reference-designator?filters=%7B%22designatorCode%22%3A%7B%22eq%22%3A%22R%22%7D%7D (10 ms) 400
[2026-07-22 18:06:17.361] [32mhttp[39m: GET /api/reference-designator?filters=%7B%22designatorCode%22%3A%7B%22eq%22%3A%22R%22%7D%7D (8 ms) 400
[2026-07-22 18:06:17.372] [32mhttp[39m: GET /api/reference-designator?filters=%7B%22designatorCode%22%3A%7B%22eq%22%3A%22R%22%7D%7D (7 ms) 400
[2026-07-22 18:06:17.380] [32mhttp[39m: GET /api/reference-designator?filters=%7B%22designatorCode%22%3A%7B%22eq%22%3A%22R%22%7D%7D (6 ms) 400
[2026-07-22 18:06:17.394] [32mhttp[39m: GET /api/reference-designator?filters=%7B%22designatorCode%22%3A%7B%22eq%22%3A%22R%22%7D%7D (11 ms) 400
[2026-07-22 18:06:17.407] [32mhttp[39m: GET /api/reference-designator?filters=%7B%22designatorCode%22%3A%7B%22eq%22%3A%22R%22%7D%7D (8 ms) 400
[2026-07-22 18:06:17.419] [32mhttp[39m: GET /api/reference-designator?filters=%7B%22designatorCode%22%3A%7B%22eq%22%3A%22R%22%7D%7D (9 ms) 400
[2026-07-22 18:06:17.430] [32mhttp[39m: GET /api/reference-designator?filters=%7B%22designatorCode%22%3A%7B%22eq%22%3A%22SW%22%7D%7D (9 ms) 400
[2026-07-22 18:06:17.458] [32mhttp[39m: GET /api/reference-designator?filters=%7B%22designatorCode%22%3A%7B%22eq%22%3A%22T%22%7D%7D (15 ms) 400
[2026-07-22 18:06:17.484] [32mhttp[39m: GET /api/reference-designator?filters=%7B%22designatorCode%22%3A%7B%22eq%22%3A%22T%22%7D%7D (21 ms) 400
[2026-07-22 18:06:17.499] [32mhttp[39m: GET /api/reference-designator?filters=%7B%22designatorCode%22%3A%7B%22eq%22%3A%22T%22%7D%7D (12 ms) 400
[2026-07-22 18:06:17.517] [32mhttp[39m: GET /api/reference-designator?filters=%7B%22designatorCode%22%3A%7B%22eq%22%3A%22U%22%7D%7D (15 ms) 400
[2026-07-22 18:06:17.549] [32mhttp[39m: GET /api/reference-designator?filters=%7B%22designatorCode%22%3A%7B%22eq%22%3A%22U%22%7D%7D (11 ms) 400
[2026-07-22 18:06:17.560] [32mhttp[39m: GET /api/reference-designator?filters=%7B%22designatorCode%22%3A%7B%22eq%22%3A%22U%22%7D%7D (8 ms) 400
[2026-07-22 18:06:17.572] [32mhttp[39m: GET /api/reference-designator?filters=%7B%22designatorCode%22%3A%7B%22eq%22%3A%22U%22%7D%7D (10 ms) 400
[2026-07-22 18:06:17.588] [32mhttp[39m: GET /api/reference-designator?filters=%7B%22designatorCode%22%3A%7B%22eq%22%3A%22X%22%7D%7D (13 ms) 400
[2026-07-22 18:06:17.634] [32mhttp[39m: POST /api/audit-log (30 ms) 201
[2026-07-22 18:07:10.619] [32mhttp[39m: GET /api/reference-designator?filters=%7B%22designatorCode%22%3A%7B%22eq%22%3A%22C%22%7D%7D (10 ms) 400
[2026-07-22 18:07:10.640] [32mhttp[39m: GET /api/reference-designator?filters=%7B%22designatorCode%22%3A%7B%22eq%22%3A%22C%22%7D%7D (9 ms) 400
[2026-07-22 18:07:10.654] [32mhttp[39m: GET /api/reference-designator?filters=%7B%22designatorCode%22%3A%7B%22eq%22%3A%22C%22%7D%7D (10 ms) 400
[2026-07-22 18:07:10.664] [32mhttp[39m: GET /api/reference-designator?filters=%7B%22designatorCode%22%3A%7B%22eq%22%3A%22C%22%7D%7D (8 ms) 400
[2026-07-22 18:07:10.675] [32mhttp[39m: GET /api/reference-designator?filters=%7B%22designatorCode%22%3A%7B%22eq%22%3A%22C%22%7D%7D (6 ms) 400
[2026-07-22 18:07:10.688] [32mhttp[39m: GET /api/reference-designator?filters=%7B%22designatorCode%22%3A%7B%22eq%22%3A%22C%22%7D%7D (8 ms) 400
[2026-07-22 18:07:10.696] [32mhttp[39m: GET /api/reference-designator?filters=%7B%22designatorCode%22%3A%7B%22eq%22%3A%22C%22%7D%7D (5 ms) 400
[2026-07-22 18:07:10.708] [32mhttp[39m: GET /api/reference-designator?filters=%7B%22designatorCode%22%3A%7B%22eq%22%3A%22C%22%7D%7D (9 ms) 400
[2026-07-22 18:07:10.725] [32mhttp[39m: GET /api/reference-designator?filters=%7B%22designatorCode%22%3A%7B%22eq%22%3A%22C%22%7D%7D (13 ms) 400
[2026-07-22 18:07:10.739] [32mhttp[39m: GET /api/reference-designator?filters=%7B%22designatorCode%22%3A%7B%22eq%22%3A%22C%22%7D%7D (11 ms) 400
[2026-07-22 18:07:10.749] [32mhttp[39m: GET /api/reference-designator?filters=%7B%22designatorCode%22%3A%7B%22eq%22%3A%22C%22%7D%7D (6 ms) 400
[2026-07-22 18:07:10.774] [32mhttp[39m: GET /api/reference-designator?filters=%7B%22designatorCode%22%3A%7B%22eq%22%3A%22C%22%7D%7D (14 ms) 400
[2026-07-22 18:07:10.790] [32mhttp[39m: GET /api/reference-designator?filters=%7B%22designatorCode%22%3A%7B%22eq%22%3A%22C%22%7D%7D (11 ms) 400
[2026-07-22 18:07:10.810] [32mhttp[39m: GET /api/reference-designator?filters=%7B%22designatorCode%22%3A%7B%22eq%22%3A%22C%22%7D%7D (16 ms) 400
[2026-07-22 18:07:10.826] [32mhttp[39m: GET /api/reference-designator?filters=%7B%22designatorCode%22%3A%7B%22eq%22%3A%22C%22%7D%7D (12 ms) 400
[2026-07-22 18:07:10.843] [32mhttp[39m: GET /api/reference-designator?filters=%7B%22designatorCode%22%3A%7B%22eq%22%3A%22C%22%7D%7D (12 ms) 400
[2026-07-22 18:07:10.857] [32mhttp[39m: GET /api/reference-designator?filters=%7B%22designatorCode%22%3A%7B%22eq%22%3A%22C%22%7D%7D (11 ms) 400
[2026-07-22 18:07:10.878] [32mhttp[39m: GET /api/reference-designator?filters=%7B%22designatorCode%22%3A%7B%22eq%22%3A%22D%22%7D%7D (17 ms) 400
[2026-07-22 18:07:10.892] [32mhttp[39m: GET /api/reference-designator?filters=%7B%22designatorCode%22%3A%7B%22eq%22%3A%22D%22%7D%7D (10 ms) 400
[2026-07-22 18:07:10.906] [32mhttp[39m: GET /api/reference-designator?filters=%7B%22designatorCode%22%3A%7B%22eq%22%3A%22D%22%7D%7D (11 ms) 400
[2026-07-22 18:07:10.944] [32mhttp[39m: GET /api/reference-designator?filters=%7B%22designatorCode%22%3A%7B%22eq%22%3A%22D%22%7D%7D (9 ms) 400
[2026-07-22 18:07:10.958] [32mhttp[39m: GET /api/reference-designator?filters=%7B%22designatorCode%22%3A%7B%22eq%22%3A%22D%22%7D%7D (8 ms) 400
[2026-07-22 18:07:10.972] [32mhttp[39m: GET /api/reference-designator?filters=%7B%22designatorCode%22%3A%7B%22eq%22%3A%22D%22%7D%7D (10 ms) 400
[2026-07-22 18:07:10.983] [32mhttp[39m: GET /api/reference-designator?filters=%7B%22designatorCode%22%3A%7B%22eq%22%3A%22J%22%7D%7D (7 ms) 400
[2026-07-22 18:07:10.998] [32mhttp[39m: GET /api/reference-designator?filters=%7B%22designatorCode%22%3A%7B%22eq%22%3A%22J%22%7D%7D (7 ms) 400
[2026-07-22 18:07:11.016] [32mhttp[39m: GET /api/reference-designator?filters=%7B%22designatorCode%22%3A%7B%22eq%22%3A%22J%22%7D%7D (9 ms) 400
[2026-07-22 18:07:11.032] [32mhttp[39m: GET /api/reference-designator?filters=%7B%22designatorCode%22%3A%7B%22eq%22%3A%22J%22%7D%7D (9 ms) 400
[2026-07-22 18:07:11.047] [32mhttp[39m: GET /api/reference-designator?filters=%7B%22designatorCode%22%3A%7B%22eq%22%3A%22J%22%7D%7D (7 ms) 400
[2026-07-22 18:07:11.062] [32mhttp[39m: GET /api/reference-designator?filters=%7B%22designatorCode%22%3A%7B%22eq%22%3A%22J%22%7D%7D (9 ms) 400
[2026-07-22 18:07:11.210] [32mhttp[39m: GET /api/reference-designator?filters=%7B%22designatorCode%22%3A%7B%22eq%22%3A%22J%22%7D%7D (11 ms) 400
[2026-07-22 18:07:11.225] [32mhttp[39m: GET /api/reference-designator?filters=%7B%22designatorCode%22%3A%7B%22eq%22%3A%22J%22%7D%7D (9 ms) 400
[2026-07-22 18:07:11.239] [32mhttp[39m: GET /api/reference-designator?filters=%7B%22designatorCode%22%3A%7B%22eq%22%3A%22J%22%7D%7D (10 ms) 400
[2026-07-22 18:07:11.348] [32mhttp[39m: GET /api/reference-designator?filters=%7B%22designatorCode%22%3A%7B%22eq%22%3A%22J%22%7D%7D (8 ms) 400
[2026-07-22 18:07:11.447] [32mhttp[39m: GET /api/reference-designator?filters=%7B%22designatorCode%22%3A%7B%22eq%22%3A%22J%22%7D%7D (6 ms) 400
[2026-07-22 18:07:11.455] [32mhttp[39m: GET /api/reference-designator?filters=%7B%22designatorCode%22%3A%7B%22eq%22%3A%22J%22%7D%7D (6 ms) 400
[2026-07-22 18:07:11.460] [32mhttp[39m: GET /api/reference-designator?filters=%7B%22designatorCode%22%3A%7B%22eq%22%3A%22L%22%7D%7D (4 ms) 400
[2026-07-22 18:07:11.470] [32mhttp[39m: GET /api/reference-designator?filters=%7B%22designatorCode%22%3A%7B%22eq%22%3A%22L%22%7D%7D (8 ms) 400
[2026-07-22 18:07:11.476] [32mhttp[39m: GET /api/reference-designator?filters=%7B%22designatorCode%22%3A%7B%22eq%22%3A%22M%22%7D%7D (4 ms) 400
[2026-07-22 18:07:11.518] [32mhttp[39m: GET /api/reference-designator?filters=%7B%22designatorCode%22%3A%7B%22eq%22%3A%22UNKNOWN%22%7D%7D (9 ms) 400
[2026-07-22 18:07:11.529] [32mhttp[39m: GET /api/reference-designator?filters=%7B%22designatorCode%22%3A%7B%22eq%22%3A%22Q%22%7D%7D (7 ms) 400
[2026-07-22 18:07:11.540] [32mhttp[39m: GET /api/reference-designator?filters=%7B%22designatorCode%22%3A%7B%22eq%22%3A%22Q%22%7D%7D (7 ms) 400
[2026-07-22 18:07:11.555] [32mhttp[39m: GET /api/reference-designator?filters=%7B%22designatorCode%22%3A%7B%22eq%22%3A%22R%22%7D%7D (13 ms) 400
[2026-07-22 18:07:11.561] [32mhttp[39m: GET /api/reference-designator?filters=%7B%22designatorCode%22%3A%7B%22eq%22%3A%22R%22%7D%7D (4 ms) 400
[2026-07-22 18:07:11.571] [32mhttp[39m: GET /api/reference-designator?filters=%7B%22designatorCode%22%3A%7B%22eq%22%3A%22R%22%7D%7D (8 ms) 400
[2026-07-22 18:07:11.576] [32mhttp[39m: GET /api/reference-designator?filters=%7B%22designatorCode%22%3A%7B%22eq%22%3A%22R%22%7D%7D (3 ms) 400
[2026-07-22 18:07:11.587] [32mhttp[39m: GET /api/reference-designator?filters=%7B%22designatorCode%22%3A%7B%22eq%22%3A%22R%22%7D%7D (9 ms) 400
[2026-07-22 18:07:11.605] [32mhttp[39m: GET /api/reference-designator?filters=%7B%22designatorCode%22%3A%7B%22eq%22%3A%22R%22%7D%7D (14 ms) 400
[2026-07-22 18:07:11.614] [32mhttp[39m: GET /api/reference-designator?filters=%7B%22designatorCode%22%3A%7B%22eq%22%3A%22R%22%7D%7D (6 ms) 400
[2026-07-22 18:07:11.626] [32mhttp[39m: GET /api/reference-designator?filters=%7B%22designatorCode%22%3A%7B%22eq%22%3A%22R%22%7D%7D (5 ms) 400
[2026-07-22 18:07:11.634] [32mhttp[39m: GET /api/reference-designator?filters=%7B%22designatorCode%22%3A%7B%22eq%22%3A%22R%22%7D%7D (6 ms) 400
[2026-07-22 18:07:11.641] [32mhttp[39m: GET /api/reference-designator?filters=%7B%22designatorCode%22%3A%7B%22eq%22%3A%22R%22%7D%7D (4 ms) 400
[2026-07-22 18:07:11.648] [32mhttp[39m: GET /api/reference-designator?filters=%7B%22designatorCode%22%3A%7B%22eq%22%3A%22R%22%7D%7D (6 ms) 400
[2026-07-22 18:07:11.665] [32mhttp[39m: GET /api/reference-designator?filters=%7B%22designatorCode%22%3A%7B%22eq%22%3A%22R%22%7D%7D (13 ms) 400
[2026-07-22 18:07:11.678] [32mhttp[39m: GET /api/reference-designator?filters=%7B%22designatorCode%22%3A%7B%22eq%22%3A%22R%22%7D%7D (8 ms) 400
[2026-07-22 18:07:11.692] [32mhttp[39m: GET /api/reference-designator?filters=%7B%22designatorCode%22%3A%7B%22eq%22%3A%22R%22%7D%7D (11 ms) 400
[2026-07-22 18:07:11.706] [32mhttp[39m: GET /api/reference-designator?filters=%7B%22designatorCode%22%3A%7B%22eq%22%3A%22R%22%7D%7D (10 ms) 400
[2026-07-22 18:07:11.715] [32mhttp[39m: GET /api/reference-designator?filters=%7B%22designatorCode%22%3A%7B%22eq%22%3A%22R%22%7D%7D (7 ms) 400
[2026-07-22 18:07:11.730] [32mhttp[39m: GET /api/reference-designator?filters=%7B%22designatorCode%22%3A%7B%22eq%22%3A%22R%22%7D%7D (4 ms) 400
[2026-07-22 18:07:11.740] [32mhttp[39m: GET /api/reference-designator?filters=%7B%22designatorCode%22%3A%7B%22eq%22%3A%22R%22%7D%7D (8 ms) 400
[2026-07-22 18:07:11.750] [32mhttp[39m: GET /api/reference-designator?filters=%7B%22designatorCode%22%3A%7B%22eq%22%3A%22R%22%7D%7D (8 ms) 400
[2026-07-22 18:07:11.761] [32mhttp[39m: GET /api/reference-designator?filters=%7B%22designatorCode%22%3A%7B%22eq%22%3A%22R%22%7D%7D (8 ms) 400
[2026-07-22 18:07:11.773] [32mhttp[39m: GET /api/reference-designator?filters=%7B%22designatorCode%22%3A%7B%22eq%22%3A%22R%22%7D%7D (10 ms) 400
[2026-07-22 18:07:11.787] [32mhttp[39m: GET /api/reference-designator?filters=%7B%22designatorCode%22%3A%7B%22eq%22%3A%22R%22%7D%7D (11 ms) 400
[2026-07-22 18:07:11.798] [32mhttp[39m: GET /api/reference-designator?filters=%7B%22designatorCode%22%3A%7B%22eq%22%3A%22R%22%7D%7D (8 ms) 400
[2026-07-22 18:07:11.814] [32mhttp[39m: GET /api/reference-designator?filters=%7B%22designatorCode%22%3A%7B%22eq%22%3A%22R%22%7D%7D (11 ms) 400
[2026-07-22 18:07:11.826] [32mhttp[39m: GET /api/reference-designator?filters=%7B%22designatorCode%22%3A%7B%22eq%22%3A%22SW%22%7D%7D (8 ms) 400
[2026-07-22 18:07:11.847] [32mhttp[39m: GET /api/reference-designator?filters=%7B%22designatorCode%22%3A%7B%22eq%22%3A%22T%22%7D%7D (16 ms) 400
[2026-07-22 18:07:11.865] [32mhttp[39m: GET /api/reference-designator?filters=%7B%22designatorCode%22%3A%7B%22eq%22%3A%22T%22%7D%7D (12 ms) 400
[2026-07-22 18:07:11.878] [32mhttp[39m: GET /api/reference-designator?filters=%7B%22designatorCode%22%3A%7B%22eq%22%3A%22T%22%7D%7D (7 ms) 400
[2026-07-22 18:07:11.906] [32mhttp[39m: GET /api/reference-designator?filters=%7B%22designatorCode%22%3A%7B%22eq%22%3A%22U%22%7D%7D (26 ms) 400
[2026-07-22 18:07:11.920] [32mhttp[39m: GET /api/reference-designator?filters=%7B%22designatorCode%22%3A%7B%22eq%22%3A%22U%22%7D%7D (11 ms) 400
[2026-07-22 18:07:11.929] [32mhttp[39m: GET /api/reference-designator?filters=%7B%22designatorCode%22%3A%7B%22eq%22%3A%22U%22%7D%7D (7 ms) 400
[2026-07-22 18:07:11.941] [32mhttp[39m: GET /api/reference-designator?filters=%7B%22designatorCode%22%3A%7B%22eq%22%3A%22U%22%7D%7D (9 ms) 400
[2026-07-22 18:07:11.948] [32mhttp[39m: GET /api/reference-designator?filters=%7B%22designatorCode%22%3A%7B%22eq%22%3A%22X%22%7D%7D (5 ms) 400
[2026-07-22 18:07:11.995] [32mhttp[39m: POST /api/audit-log (29 ms) 201
[2026-07-22 18:07:53.817] [32mhttp[39m: GET /api/reference-designator?filters%5BdesignatorCode%5D%5B%5D=C (25 ms) 200
[2026-07-22 18:09:44.622] [32mhttp[39m: GET /api/reference-designator?populate=eecCategory&filters%5BdesignatorCode%5D%5B%5D=C (25 ms) 200
[2026-07-22 18:10:02.665] [32mhttp[39m: GET /api/reference-designator?filters%5BdesignatorCode%5D%5B%5D=C (19 ms) 200
[2026-07-22 18:10:44.608] [32mhttp[39m: GET /api/reference-designator?populate=eecCategory&filters[designatorCode][$eq]=C (27 ms) 200
[2026-07-22 18:10:44.714] [32mhttp[39m: POST /api/bom-entry (39 ms) 201
[2026-07-22 18:10:44.776] [32mhttp[39m: GET /api/reference-designator?populate=eecCategory&filters[designatorCode][$eq]=C (27 ms) 200
[2026-07-22 18:10:44.820] [32mhttp[39m: POST /api/bom-entry (36 ms) 201
[2026-07-22 18:10:44.854] [32mhttp[39m: GET /api/reference-designator?populate=eecCategory&filters[designatorCode][$eq]=C (30 ms) 200
[2026-07-22 18:10:44.891] [32mhttp[39m: POST /api/bom-entry (33 ms) 201
[2026-07-22 18:10:44.925] [32mhttp[39m: GET /api/reference-designator?populate=eecCategory&filters[designatorCode][$eq]=C (24 ms) 200
[2026-07-22 18:10:44.961] [32mhttp[39m: POST /api/bom-entry (33 ms) 201
[2026-07-22 18:10:44.990] [32mhttp[39m: GET /api/reference-designator?populate=eecCategory&filters[designatorCode][$eq]=C (22 ms) 200
[2026-07-22 18:10:45.030] [32mhttp[39m: POST /api/bom-entry (35 ms) 201
[2026-07-22 18:10:45.058] [32mhttp[39m: GET /api/reference-designator?populate=eecCategory&filters[designatorCode][$eq]=C (21 ms) 200
[2026-07-22 18:10:45.098] [32mhttp[39m: POST /api/bom-entry (34 ms) 201
[2026-07-22 18:10:45.135] [32mhttp[39m: GET /api/reference-designator?populate=eecCategory&filters[designatorCode][$eq]=C (19 ms) 200
[2026-07-22 18:10:45.162] [32mhttp[39m: POST /api/bom-entry (23 ms) 201
[2026-07-22 18:10:45.183] [32mhttp[39m: GET /api/reference-designator?populate=eecCategory&filters[designatorCode][$eq]=C (14 ms) 200
[2026-07-22 18:10:45.211] [32mhttp[39m: POST /api/bom-entry (24 ms) 201
[2026-07-22 18:10:45.237] [32mhttp[39m: GET /api/reference-designator?populate=eecCategory&filters[designatorCode][$eq]=C (20 ms) 200
[2026-07-22 18:10:45.263] [32mhttp[39m: POST /api/bom-entry (23 ms) 201
[2026-07-22 18:10:45.289] [32mhttp[39m: GET /api/reference-designator?populate=eecCategory&filters[designatorCode][$eq]=C (19 ms) 200
[2026-07-22 18:10:45.320] [32mhttp[39m: POST /api/bom-entry (27 ms) 201
[2026-07-22 18:10:45.338] [32mhttp[39m: GET /api/reference-designator?populate=eecCategory&filters[designatorCode][$eq]=C (16 ms) 200
[2026-07-22 18:10:45.416] [32mhttp[39m: POST /api/bom-entry (32 ms) 201
[2026-07-22 18:10:45.440] [32mhttp[39m: GET /api/reference-designator?populate=eecCategory&filters[designatorCode][$eq]=C (18 ms) 200
[2026-07-22 18:10:45.476] [32mhttp[39m: POST /api/bom-entry (28 ms) 201
[2026-07-22 18:10:45.499] [32mhttp[39m: GET /api/reference-designator?populate=eecCategory&filters[designatorCode][$eq]=C (19 ms) 200
[2026-07-22 18:10:45.533] [32mhttp[39m: POST /api/bom-entry (29 ms) 201
[2026-07-22 18:10:45.551] [32mhttp[39m: GET /api/reference-designator?populate=eecCategory&filters[designatorCode][$eq]=C (14 ms) 200
[2026-07-22 18:10:45.585] [32mhttp[39m: POST /api/bom-entry (30 ms) 201
[2026-07-22 18:10:45.612] [32mhttp[39m: GET /api/reference-designator?populate=eecCategory&filters[designatorCode][$eq]=C (22 ms) 200
[2026-07-22 18:10:45.652] [32mhttp[39m: POST /api/bom-entry (33 ms) 201
[2026-07-22 18:10:45.813] [32mhttp[39m: GET /api/reference-designator?populate=eecCategory&filters[designatorCode][$eq]=C (17 ms) 200
[2026-07-22 18:10:45.856] [32mhttp[39m: POST /api/bom-entry (37 ms) 201
[2026-07-22 18:10:45.888] [32mhttp[39m: GET /api/reference-designator?populate=eecCategory&filters[designatorCode][$eq]=C (25 ms) 200
[2026-07-22 18:10:45.922] [32mhttp[39m: POST /api/bom-entry (30 ms) 201
[2026-07-22 18:10:45.950] [32mhttp[39m: GET /api/reference-designator?populate=eecCategory&filters[designatorCode][$eq]=D (22 ms) 200
[2026-07-22 18:10:45.984] [32mhttp[39m: POST /api/bom-entry (30 ms) 201
[2026-07-22 18:10:45.997] [32mhttp[39m: GET /api/reference-designator?populate=eecCategory&filters[designatorCode][$eq]=D (9 ms) 200
[2026-07-22 18:10:46.028] [32mhttp[39m: POST /api/bom-entry (26 ms) 201
[2026-07-22 18:10:46.045] [32mhttp[39m: GET /api/reference-designator?populate=eecCategory&filters[designatorCode][$eq]=D (12 ms) 200
[2026-07-22 18:10:46.234] [32mhttp[39m: POST /api/bom-entry (61 ms) 201
[2026-07-22 18:10:46.255] [32mhttp[39m: GET /api/reference-designator?populate=eecCategory&filters[designatorCode][$eq]=D (15 ms) 200
[2026-07-22 18:10:46.280] [32mhttp[39m: POST /api/bom-entry (21 ms) 201
[2026-07-22 18:10:46.305] [32mhttp[39m: GET /api/reference-designator?populate=eecCategory&filters[designatorCode][$eq]=D (18 ms) 200
[2026-07-22 18:10:46.340] [32mhttp[39m: POST /api/bom-entry (31 ms) 201
[2026-07-22 18:10:46.369] [32mhttp[39m: GET /api/reference-designator?populate=eecCategory&filters[designatorCode][$eq]=D (24 ms) 200
[2026-07-22 18:10:46.405] [32mhttp[39m: POST /api/bom-entry (32 ms) 201
[2026-07-22 18:10:46.430] [32mhttp[39m: GET /api/reference-designator?populate=eecCategory&filters[designatorCode][$eq]=J (19 ms) 200
[2026-07-22 18:10:46.460] [32mhttp[39m: POST /api/bom-entry (25 ms) 201
[2026-07-22 18:10:46.630] [32mhttp[39m: GET /api/reference-designator?populate=eecCategory&filters[designatorCode][$eq]=J (19 ms) 200
[2026-07-22 18:10:46.661] [32mhttp[39m: POST /api/bom-entry (27 ms) 201
[2026-07-22 18:10:46.686] [32mhttp[39m: GET /api/reference-designator?populate=eecCategory&filters[designatorCode][$eq]=J (21 ms) 200
[2026-07-22 18:10:46.718] [32mhttp[39m: POST /api/bom-entry (29 ms) 201
[2026-07-22 18:10:46.741] [32mhttp[39m: GET /api/reference-designator?populate=eecCategory&filters[designatorCode][$eq]=J (20 ms) 200
[2026-07-22 18:10:46.775] [32mhttp[39m: POST /api/bom-entry (31 ms) 201
[2026-07-22 18:10:46.794] [32mhttp[39m: GET /api/reference-designator?populate=eecCategory&filters[designatorCode][$eq]=J (17 ms) 200
[2026-07-22 18:10:46.822] [32mhttp[39m: POST /api/bom-entry (26 ms) 201
[2026-07-22 18:10:46.841] [32mhttp[39m: GET /api/reference-designator?populate=eecCategory&filters[designatorCode][$eq]=J (16 ms) 200
[2026-07-22 18:10:46.950] [32mhttp[39m: POST /api/bom-entry (30 ms) 201
[2026-07-22 18:10:46.980] [32mhttp[39m: GET /api/reference-designator?populate=eecCategory&filters[designatorCode][$eq]=J (27 ms) 200
[2026-07-22 18:10:47.004] [32mhttp[39m: POST /api/bom-entry (21 ms) 201
[2026-07-22 18:10:47.021] [32mhttp[39m: GET /api/reference-designator?populate=eecCategory&filters[designatorCode][$eq]=J (15 ms) 200
[2026-07-22 18:10:47.041] [32mhttp[39m: POST /api/bom-entry (19 ms) 201
[2026-07-22 18:10:47.054] [32mhttp[39m: GET /api/reference-designator?populate=eecCategory&filters[designatorCode][$eq]=J (11 ms) 200
[2026-07-22 18:10:47.081] [32mhttp[39m: POST /api/bom-entry (23 ms) 201
[2026-07-22 18:10:47.106] [32mhttp[39m: GET /api/reference-designator?populate=eecCategory&filters[designatorCode][$eq]=J (21 ms) 200
[2026-07-22 18:10:47.137] [32mhttp[39m: POST /api/bom-entry (29 ms) 201
[2026-07-22 18:10:47.229] [32mhttp[39m: GET /api/reference-designator?populate=eecCategory&filters[designatorCode][$eq]=J (22 ms) 200
[2026-07-22 18:10:47.256] [32mhttp[39m: POST /api/bom-entry (22 ms) 201
[2026-07-22 18:10:47.272] [32mhttp[39m: GET /api/reference-designator?populate=eecCategory&filters[designatorCode][$eq]=J (14 ms) 200
[2026-07-22 18:10:47.296] [32mhttp[39m: POST /api/bom-entry (23 ms) 201
[2026-07-22 18:10:47.326] [32mhttp[39m: GET /api/reference-designator?populate=eecCategory&filters[designatorCode][$eq]=L (25 ms) 200
[2026-07-22 18:10:47.359] [32mhttp[39m: POST /api/bom-entry (30 ms) 201
[2026-07-22 18:10:47.377] [32mhttp[39m: GET /api/reference-designator?populate=eecCategory&filters[designatorCode][$eq]=L (15 ms) 200
[2026-07-22 18:10:47.409] [32mhttp[39m: POST /api/bom-entry (27 ms) 201
[2026-07-22 18:10:47.435] [32mhttp[39m: GET /api/reference-designator?populate=eecCategory&filters[designatorCode][$eq]=M (22 ms) 200
[2026-07-22 18:10:47.515] [32mhttp[39m: POST /api/bom-entry (38 ms) 201
[2026-07-22 18:10:47.575] [32mhttp[39m: GET /api/reference-designator?populate=eecCategory&filters[designatorCode][$eq]=UNKNOWN (21 ms) 200
[2026-07-22 18:10:47.621] [32mhttp[39m: POST /api/bom-entry (34 ms) 201
[2026-07-22 18:10:47.645] [32mhttp[39m: GET /api/reference-designator?populate=eecCategory&filters[designatorCode][$eq]=Q (20 ms) 200
[2026-07-22 18:10:47.671] [32mhttp[39m: POST /api/bom-entry (25 ms) 201
[2026-07-22 18:10:47.693] [32mhttp[39m: GET /api/reference-designator?populate=eecCategory&filters[designatorCode][$eq]=Q (16 ms) 200
[2026-07-22 18:10:47.717] [32mhttp[39m: POST /api/bom-entry (22 ms) 201
[2026-07-22 18:10:47.727] [32mhttp[39m: GET /api/reference-designator?populate=eecCategory&filters[designatorCode][$eq]=R (8 ms) 200
[2026-07-22 18:10:47.750] [32mhttp[39m: POST /api/bom-entry (22 ms) 201
[2026-07-22 18:10:47.765] [32mhttp[39m: GET /api/reference-designator?populate=eecCategory&filters[designatorCode][$eq]=R (12 ms) 200
[2026-07-22 18:10:47.791] [32mhttp[39m: POST /api/bom-entry (22 ms) 201
[2026-07-22 18:10:47.809] [32mhttp[39m: GET /api/reference-designator?populate=eecCategory&filters[designatorCode][$eq]=R (9 ms) 200
[2026-07-22 18:10:47.836] [32mhttp[39m: POST /api/bom-entry (25 ms) 201
[2026-07-22 18:10:47.853] [32mhttp[39m: GET /api/reference-designator?populate=eecCategory&filters[designatorCode][$eq]=R (14 ms) 200
[2026-07-22 18:10:47.886] [32mhttp[39m: POST /api/bom-entry (30 ms) 201
[2026-07-22 18:10:47.911] [32mhttp[39m: GET /api/reference-designator?populate=eecCategory&filters[designatorCode][$eq]=R (23 ms) 200
[2026-07-22 18:10:47.939] [32mhttp[39m: POST /api/bom-entry (24 ms) 201
[2026-07-22 18:10:47.957] [32mhttp[39m: GET /api/reference-designator?populate=eecCategory&filters[designatorCode][$eq]=R (16 ms) 200
[2026-07-22 18:10:47.991] [32mhttp[39m: POST /api/bom-entry (32 ms) 201
[2026-07-22 18:10:48.018] [32mhttp[39m: GET /api/reference-designator?populate=eecCategory&filters[designatorCode][$eq]=R (23 ms) 200
[2026-07-22 18:10:48.090] [32mhttp[39m: POST /api/bom-entry (37 ms) 201
[2026-07-22 18:10:48.111] [32mhttp[39m: GET /api/reference-designator?populate=eecCategory&filters[designatorCode][$eq]=R (18 ms) 200
[2026-07-22 18:10:48.148] [32mhttp[39m: POST /api/bom-entry (34 ms) 201
[2026-07-22 18:10:48.171] [32mhttp[39m: GET /api/reference-designator?populate=eecCategory&filters[designatorCode][$eq]=R (19 ms) 200
[2026-07-22 18:10:48.205] [32mhttp[39m: POST /api/bom-entry (31 ms) 201
[2026-07-22 18:10:48.229] [32mhttp[39m: GET /api/reference-designator?populate=eecCategory&filters[designatorCode][$eq]=R (21 ms) 200
[2026-07-22 18:10:48.260] [32mhttp[39m: POST /api/bom-entry (27 ms) 201
[2026-07-22 18:10:48.282] [32mhttp[39m: GET /api/reference-designator?populate=eecCategory&filters[designatorCode][$eq]=R (18 ms) 200
[2026-07-22 18:10:48.309] [32mhttp[39m: POST /api/bom-entry (24 ms) 201
[2026-07-22 18:10:48.365] [32mhttp[39m: GET /api/reference-designator?populate=eecCategory&filters[designatorCode][$eq]=R (22 ms) 200
[2026-07-22 18:10:48.402] [32mhttp[39m: POST /api/bom-entry (33 ms) 201
[2026-07-22 18:10:48.418] [32mhttp[39m: GET /api/reference-designator?populate=eecCategory&filters[designatorCode][$eq]=R (14 ms) 200
[2026-07-22 18:10:48.453] [32mhttp[39m: POST /api/bom-entry (33 ms) 201
[2026-07-22 18:10:48.471] [32mhttp[39m: GET /api/reference-designator?populate=eecCategory&filters[designatorCode][$eq]=R (16 ms) 200
[2026-07-22 18:10:48.502] [32mhttp[39m: POST /api/bom-entry (28 ms) 201
[2026-07-22 18:10:48.529] [32mhttp[39m: GET /api/reference-designator?populate=eecCategory&filters[designatorCode][$eq]=R (24 ms) 200
[2026-07-22 18:10:48.556] [32mhttp[39m: POST /api/bom-entry (22 ms) 201
[2026-07-22 18:10:48.577] [32mhttp[39m: GET /api/reference-designator?populate=eecCategory&filters[designatorCode][$eq]=R (19 ms) 200
[2026-07-22 18:10:48.636] [32mhttp[39m: POST /api/bom-entry (27 ms) 201
[2026-07-22 18:10:48.658] [32mhttp[39m: GET /api/reference-designator?populate=eecCategory&filters[designatorCode][$eq]=R (19 ms) 200
[2026-07-22 18:10:48.697] [32mhttp[39m: POST /api/bom-entry (36 ms) 201
[2026-07-22 18:10:48.720] [32mhttp[39m: GET /api/reference-designator?populate=eecCategory&filters[designatorCode][$eq]=R (18 ms) 200
[2026-07-22 18:10:48.759] [32mhttp[39m: POST /api/bom-entry (36 ms) 201
[2026-07-22 18:10:48.775] [32mhttp[39m: GET /api/reference-designator?populate=eecCategory&filters[designatorCode][$eq]=R (13 ms) 200
[2026-07-22 18:10:48.806] [32mhttp[39m: POST /api/bom-entry (29 ms) 201
[2026-07-22 18:10:48.832] [32mhttp[39m: GET /api/reference-designator?populate=eecCategory&filters[designatorCode][$eq]=R (21 ms) 200
[2026-07-22 18:10:48.857] [32mhttp[39m: POST /api/bom-entry (23 ms) 201
[2026-07-22 18:10:48.894] [32mhttp[39m: GET /api/reference-designator?populate=eecCategory&filters[designatorCode][$eq]=R (7 ms) 200
[2026-07-22 18:10:48.927] [32mhttp[39m: POST /api/bom-entry (31 ms) 201
[2026-07-22 18:10:48.952] [32mhttp[39m: GET /api/reference-designator?populate=eecCategory&filters[designatorCode][$eq]=R (21 ms) 200
[2026-07-22 18:10:48.982] [32mhttp[39m: POST /api/bom-entry (28 ms) 201
[2026-07-22 18:10:49.003] [32mhttp[39m: GET /api/reference-designator?populate=eecCategory&filters[designatorCode][$eq]=R (18 ms) 200
[2026-07-22 18:10:49.035] [32mhttp[39m: POST /api/bom-entry (29 ms) 201
[2026-07-22 18:10:49.051] [32mhttp[39m: GET /api/reference-designator?populate=eecCategory&filters[designatorCode][$eq]=R (14 ms) 200
[2026-07-22 18:10:49.076] [32mhttp[39m: POST /api/bom-entry (23 ms) 201
[2026-07-22 18:10:49.100] [32mhttp[39m: GET /api/reference-designator?populate=eecCategory&filters[designatorCode][$eq]=SW (20 ms) 200
[2026-07-22 18:10:49.144] [32mhttp[39m: POST /api/bom-entry (21 ms) 201
[2026-07-22 18:10:49.158] [32mhttp[39m: GET /api/reference-designator?populate=eecCategory&filters[designatorCode][$eq]=T (11 ms) 200
[2026-07-22 18:10:49.188] [32mhttp[39m: POST /api/bom-entry (29 ms) 201
[2026-07-22 18:10:49.206] [32mhttp[39m: GET /api/reference-designator?populate=eecCategory&filters[designatorCode][$eq]=T (14 ms) 200
[2026-07-22 18:10:49.236] [32mhttp[39m: POST /api/bom-entry (28 ms) 201
[2026-07-22 18:10:49.262] [32mhttp[39m: GET /api/reference-designator?populate=eecCategory&filters[designatorCode][$eq]=T (23 ms) 200
[2026-07-22 18:10:49.295] [32mhttp[39m: POST /api/bom-entry (29 ms) 201
[2026-07-22 18:10:49.318] [32mhttp[39m: GET /api/reference-designator?populate=eecCategory&filters[designatorCode][$eq]=U (19 ms) 200
[2026-07-22 18:10:49.345] [32mhttp[39m: POST /api/bom-entry (24 ms) 201
[2026-07-22 18:10:49.376] [32mhttp[39m: GET /api/reference-designator?populate=eecCategory&filters[designatorCode][$eq]=U (7 ms) 200
[2026-07-22 18:10:49.402] [32mhttp[39m: POST /api/bom-entry (24 ms) 201
[2026-07-22 18:10:49.416] [32mhttp[39m: GET /api/reference-designator?populate=eecCategory&filters[designatorCode][$eq]=U (12 ms) 200
[2026-07-22 18:10:49.442] [32mhttp[39m: POST /api/bom-entry (24 ms) 201
[2026-07-22 18:10:49.457] [32mhttp[39m: GET /api/reference-designator?populate=eecCategory&filters[designatorCode][$eq]=U (12 ms) 200
[2026-07-22 18:10:49.484] [32mhttp[39m: POST /api/bom-entry (26 ms) 201
[2026-07-22 18:10:49.508] [32mhttp[39m: GET /api/reference-designator?populate=eecCategory&filters[designatorCode][$eq]=X (22 ms) 200
[2026-07-22 18:10:49.539] [32mhttp[39m: POST /api/bom-entry (27 ms) 201
[2026-07-22 18:10:49.587] [32mhttp[39m: POST /api/audit-log (15 ms) 201
[2026-07-22 18:10:58.401] [32mhttp[39m: GET /api/bom-entry?pagination%5BpageSize%5D=100 (37 ms) 200
[2026-07-22 18:13:53.347] [32mhttp[39m: GET /api/bom-entry?pagination%5BpageSize%5D=100 (46 ms) 200
[2026-07-22 18:13:53.465] [32mhttp[39m: DELETE /api/bom-entry/qb5nfqmvqw01i5x8443w95r2 (27 ms) 204
[2026-07-22 18:13:53.517] [32mhttp[39m: DELETE /api/bom-entry/ro2z6ky2ielp1xaeuazjcaei (25 ms) 204
[2026-07-22 18:13:53.548] [32mhttp[39m: DELETE /api/bom-entry/e8fgolyjzmespnvc1r4mnrx0 (23 ms) 204
[2026-07-22 18:13:53.579] [32mhttp[39m: DELETE /api/bom-entry/mdaengi2eqv27h5gt78kp4qi (24 ms) 204
[2026-07-22 18:13:53.601] [32mhttp[39m: DELETE /api/bom-entry/xvh7q4e0yssp07gjxpmjptg1 (19 ms) 204
[2026-07-22 18:13:53.622] [32mhttp[39m: DELETE /api/bom-entry/mjcps3kgo07udiw7u5wsngig (16 ms) 204
[2026-07-22 18:13:53.641] [32mhttp[39m: DELETE /api/bom-entry/lbefus5n6ubxfj8jr2zd43yz (16 ms) 204
[2026-07-22 18:13:53.661] [32mhttp[39m: DELETE /api/bom-entry/mjvnqkqo1zvpywx4g88oojex (17 ms) 204
[2026-07-22 18:13:53.686] [32mhttp[39m: DELETE /api/bom-entry/wittxrck118962ytbhjwrktj (21 ms) 204
[2026-07-22 18:13:53.720] [32mhttp[39m: DELETE /api/bom-entry/gl2i65gmnc7gm3658deiu06g (28 ms) 204
[2026-07-22 18:13:53.748] [32mhttp[39m: DELETE /api/bom-entry/sv5husgxgxkr2zxdymjnrw40 (23 ms) 204
[2026-07-22 18:13:53.788] [32mhttp[39m: DELETE /api/bom-entry/yqcr9z0phxud7dws4afj6n28 (26 ms) 204
[2026-07-22 18:13:53.813] [32mhttp[39m: DELETE /api/bom-entry/v0svjh8ji6n9o04ibb9j2qw0 (21 ms) 204
[2026-07-22 18:13:53.840] [32mhttp[39m: DELETE /api/bom-entry/jfi0lknygw3y8yxityi4r97n (23 ms) 204
[2026-07-22 18:13:53.867] [32mhttp[39m: DELETE /api/bom-entry/tre5o0051gztyck4z948r7ku (23 ms) 204
[2026-07-22 18:13:53.895] [32mhttp[39m: DELETE /api/bom-entry/zg0bz3no9t2kb55k43q68le1 (23 ms) 204
[2026-07-22 18:13:53.917] [32mhttp[39m: DELETE /api/bom-entry/u8kq7f87qa78v14aw4p5x1lv (17 ms) 204
[2026-07-22 18:13:53.946] [32mhttp[39m: DELETE /api/bom-entry/fyqe7s0tef6vnjbbahem3mdr (22 ms) 204
[2026-07-22 18:13:53.973] [32mhttp[39m: DELETE /api/bom-entry/fks1zruycrowhd2jsutjp171 (22 ms) 204
[2026-07-22 18:13:53.995] [32mhttp[39m: DELETE /api/bom-entry/olwb4vcu0pnl1rjhox7kpupu (19 ms) 204
[2026-07-22 18:13:54.073] [32mhttp[39m: DELETE /api/bom-entry/s6l2bsk5o1kbkilzokgteze3 (24 ms) 204
[2026-07-22 18:13:54.101] [32mhttp[39m: DELETE /api/bom-entry/szeib883uyojz6kvt3tilyry (23 ms) 204
[2026-07-22 18:13:54.124] [32mhttp[39m: DELETE /api/bom-entry/v3t5m6p4gg7alfp9zlad717g (16 ms) 204
[2026-07-22 18:13:54.151] [32mhttp[39m: DELETE /api/bom-entry/ou6bjdr0rrxyr6un1vfudh7p (23 ms) 204
[2026-07-22 18:13:54.172] [32mhttp[39m: DELETE /api/bom-entry/l73rzk4t5yv7syskdide2v5k (14 ms) 204
[2026-07-22 18:13:54.198] [32mhttp[39m: DELETE /api/bom-entry/u9z4c290efc2a7v1gkg7bhwp (21 ms) 204
[2026-07-22 18:13:54.222] [32mhttp[39m: DELETE /api/bom-entry/hzv0td1sed7ur7667d4cqssc (18 ms) 204
[2026-07-22 18:13:54.256] [32mhttp[39m: DELETE /api/bom-entry/vr22kcszbm9ww7akqwvinpzx (29 ms) 204
[2026-07-22 18:13:54.286] [32mhttp[39m: DELETE /api/bom-entry/nhwxong09ff0eqbma47y21do (24 ms) 204
[2026-07-22 18:13:54.430] [32mhttp[39m: DELETE /api/bom-entry/xm6jbcqe5qu9ynws7rum0oaf (16 ms) 204
[2026-07-22 18:13:54.464] [32mhttp[39m: DELETE /api/bom-entry/meoyp9o7m554x6lqn19vy6rl (30 ms) 204
[2026-07-22 18:13:54.494] [32mhttp[39m: DELETE /api/bom-entry/otruquxpcetu3aaq379ff7v7 (26 ms) 204
[2026-07-22 18:13:54.529] [32mhttp[39m: DELETE /api/bom-entry/ybdtnv88lwfpgjwbuzxc0wmg (31 ms) 204
[2026-07-22 18:13:54.557] [32mhttp[39m: DELETE /api/bom-entry/lyy4of0c8onagx9r1ily2k6t (24 ms) 204
[2026-07-22 18:13:54.595] [32mhttp[39m: DELETE /api/bom-entry/rtivrkuuf31aogs9nlflaj9d (31 ms) 204
[2026-07-22 18:13:54.629] [32mhttp[39m: DELETE /api/bom-entry/vk61ksmcx6r5gr37sehnmy1q (30 ms) 204
[2026-07-22 18:13:54.658] [32mhttp[39m: DELETE /api/bom-entry/mk42dok1p1shsg5eg63r9qyl (24 ms) 204
[2026-07-22 18:13:54.685] [32mhttp[39m: DELETE /api/bom-entry/wxg5ixor75ogz22u78z841nl (25 ms) 204
[2026-07-22 18:13:54.828] [32mhttp[39m: DELETE /api/bom-entry/s187o178say12fc79hlxh7b8 (18 ms) 204
[2026-07-22 18:13:54.851] [32mhttp[39m: DELETE /api/bom-entry/lzls5dsqf3n1p3zsx2ig7knx (19 ms) 204
[2026-07-22 18:13:54.878] [32mhttp[39m: DELETE /api/bom-entry/pko8q7eb4edwzb2xw5udg90v (22 ms) 204
[2026-07-22 18:13:54.904] [32mhttp[39m: DELETE /api/bom-entry/zalo4yovzoeao4ufpwqabxur (20 ms) 204
[2026-07-22 18:13:54.932] [32mhttp[39m: DELETE /api/bom-entry/tt5otffdy66qqhvn8tzoa865 (23 ms) 204
[2026-07-22 18:13:54.955] [32mhttp[39m: DELETE /api/bom-entry/tqlqiwgpoug4wc5hziepzv0d (18 ms) 204
[2026-07-22 18:13:54.979] [32mhttp[39m: DELETE /api/bom-entry/mmkvic9qs1urso8n0y2z2m0o (18 ms) 204
[2026-07-22 18:13:55.014] [32mhttp[39m: DELETE /api/bom-entry/ibfjmofraj5gxhivv43v2e79 (30 ms) 204
[2026-07-22 18:13:55.039] [32mhttp[39m: DELETE /api/bom-entry/p75rrz8x0coe68quwvw09wmm (21 ms) 204
[2026-07-22 18:13:55.207] [32mhttp[39m: DELETE /api/bom-entry/a3a6pzkk8evtinvv13ked203 (22 ms) 204
[2026-07-22 18:13:55.234] [32mhttp[39m: DELETE /api/bom-entry/qpcpv50nw1ok8pzvcoz9h44x (24 ms) 204
[2026-07-22 18:13:55.255] [32mhttp[39m: DELETE /api/bom-entry/m1rrrso7wyhmfghl47kowgr9 (17 ms) 204
[2026-07-22 18:13:55.279] [32mhttp[39m: DELETE /api/bom-entry/urnkx4bv8imqcxpjrj94rioe (21 ms) 204
[2026-07-22 18:13:55.304] [32mhttp[39m: DELETE /api/bom-entry/r3gltex00p4flrf4sgtus5zy (23 ms) 204
[2026-07-22 18:13:55.329] [32mhttp[39m: DELETE /api/bom-entry/lwl75phxydgsxvvosksg4qj6 (22 ms) 204
[2026-07-22 18:13:55.350] [32mhttp[39m: DELETE /api/bom-entry/bs0mp1zb5rqcvuj681ge32l9 (19 ms) 204
[2026-07-22 18:13:55.377] [32mhttp[39m: DELETE /api/bom-entry/kn1sb8sye139875qum8qxlqv (22 ms) 204
[2026-07-22 18:13:55.401] [32mhttp[39m: DELETE /api/bom-entry/f7g7o5493bdsiniwr52ew3fg (21 ms) 204
[2026-07-22 18:13:55.612] [32mhttp[39m: DELETE /api/bom-entry/h0l9oqz07usxyutt965aa4wx (40 ms) 204
[2026-07-22 18:13:55.677] [32mhttp[39m: DELETE /api/bom-entry/xj0m855gx8w5ghwpy6fls5eh (56 ms) 204
[2026-07-22 18:13:55.700] [32mhttp[39m: DELETE /api/bom-entry/i7kppxdvvc31qxumlx3uatda (20 ms) 204
[2026-07-22 18:13:55.884] [32mhttp[39m: DELETE /api/bom-entry/g7456kp3glcanaezg43agzch (27 ms) 204
[2026-07-22 18:13:55.945] [32mhttp[39m: DELETE /api/bom-entry/pg5c4rwnrwhjuw35elna0ijf (34 ms) 204
[2026-07-22 18:13:55.977] [32mhttp[39m: DELETE /api/bom-entry/d370ev94eo33p0uthhplmv16 (28 ms) 204
[2026-07-22 18:13:56.004] [32mhttp[39m: DELETE /api/bom-entry/u7yrqpq1btq1m9eqz26uhcnv (24 ms) 204
[2026-07-22 18:13:56.026] [32mhttp[39m: DELETE /api/bom-entry/bdvb1cd6r18krdg98m0elcar (19 ms) 204
[2026-07-22 18:13:56.047] [32mhttp[39m: DELETE /api/bom-entry/us9k010pywxpdlmfp04l3eo2 (19 ms) 204
[2026-07-22 18:13:56.070] [32mhttp[39m: DELETE /api/bom-entry/bb6yqone8rneoe2gbed1lddi (21 ms) 204
[2026-07-22 18:13:56.096] [32mhttp[39m: DELETE /api/bom-entry/s83gwxldynkltiskko22j7s4 (23 ms) 204
[2026-07-22 18:13:56.128] [32mhttp[39m: DELETE /api/bom-entry/jn3q7tki9ry976erxt70qfbg (29 ms) 204
[2026-07-22 18:13:56.160] [32mhttp[39m: DELETE /api/bom-entry/aimewtdo69lm06pxbfqmvs5e (29 ms) 204
[2026-07-22 18:13:56.189] [32mhttp[39m: DELETE /api/bom-entry/mvjgczxo1pnrtprdtegsh4xk (22 ms) 204
[2026-07-22 18:13:56.212] [32mhttp[39m: DELETE /api/bom-entry/yrvlcymp9hgm3az5r9yu6cfq (20 ms) 204
[2026-07-22 18:13:56.232] [32mhttp[39m: DELETE /api/bom-entry/g24rnpfk6vbf4r8cqoh3qrui (18 ms) 204
[2026-07-22 18:13:56.256] [32mhttp[39m: DELETE /api/bom-entry/groifmbkki3hthcx0r4sq8gd (22 ms) 204
[2026-07-22 18:13:56.273] [32mhttp[39m: DELETE /api/bom-entry/ar8rcaogzitkdnppezzgjwvo (15 ms) 204
[2026-07-22 18:13:56.310] [32mhttp[39m: GET /api/audit-log?pagination%5BpageSize%5D=100 (8 ms) 200
[2026-07-22 18:13:56.360] [32mhttp[39m: DELETE /api/audit-log/gu4ov3t8ylk8bhzrs88dyiy2 (28 ms) 204
[2026-07-22 18:13:56.385] [32mhttp[39m: DELETE /api/audit-log/kh23zrdy2yk7t2hg2jul3rgt (22 ms) 204
[2026-07-22 18:13:56.408] [32mhttp[39m: DELETE /api/audit-log/ch8b0n715884ba3uy8f2lvml (19 ms) 204
[2026-07-22 18:13:56.433] [32mhttp[39m: DELETE /api/audit-log/styoyti26gu816x0mrqy594i (22 ms) 204
[2026-07-22 18:14:38.372] [32mhttp[39m: GET /api/reference-designator?populate=eecCategory&filters[designatorCode][$eq]=C (19 ms) 200
[2026-07-22 18:14:38.490] [32mhttp[39m: POST /api/bom-entry (28 ms) 201
[2026-07-22 18:14:38.534] [32mhttp[39m: GET /api/reference-designator?populate=eecCategory&filters[designatorCode][$eq]=C (19 ms) 200
[2026-07-22 18:14:38.566] [32mhttp[39m: POST /api/bom-entry (28 ms) 201
[2026-07-22 18:14:38.606] [32mhttp[39m: GET /api/reference-designator?populate=eecCategory&filters[designatorCode][$eq]=C (33 ms) 200
[2026-07-22 18:14:38.654] [32mhttp[39m: POST /api/bom-entry (41 ms) 201
[2026-07-22 18:14:38.692] [32mhttp[39m: GET /api/reference-designator?populate=eecCategory&filters[designatorCode][$eq]=C (32 ms) 200
[2026-07-22 18:14:38.739] [32mhttp[39m: POST /api/bom-entry (41 ms) 201
[2026-07-22 18:14:38.777] [32mhttp[39m: GET /api/reference-designator?populate=eecCategory&filters[designatorCode][$eq]=C (33 ms) 200
[2026-07-22 18:14:38.822] [32mhttp[39m: POST /api/bom-entry (39 ms) 201
[2026-07-22 18:14:38.851] [32mhttp[39m: GET /api/reference-designator?populate=eecCategory&filters[designatorCode][$eq]=C (22 ms) 200
[2026-07-22 18:14:38.884] [32mhttp[39m: POST /api/bom-entry (28 ms) 201
[2026-07-22 18:14:38.931] [32mhttp[39m: GET /api/reference-designator?populate=eecCategory&filters[designatorCode][$eq]=C (27 ms) 200
[2026-07-22 18:14:38.973] [32mhttp[39m: POST /api/bom-entry (37 ms) 201
[2026-07-22 18:14:39.006] [32mhttp[39m: GET /api/reference-designator?populate=eecCategory&filters[designatorCode][$eq]=C (26 ms) 200
[2026-07-22 18:14:39.098] [32mhttp[39m: POST /api/bom-entry (32 ms) 201
[2026-07-22 18:14:39.138] [32mhttp[39m: GET /api/reference-designator?populate=eecCategory&filters[designatorCode][$eq]=C (26 ms) 200
[2026-07-22 18:14:39.186] [32mhttp[39m: POST /api/bom-entry (41 ms) 201
[2026-07-22 18:14:39.221] [32mhttp[39m: GET /api/reference-designator?populate=eecCategory&filters[designatorCode][$eq]=C (27 ms) 200
[2026-07-22 18:14:39.268] [32mhttp[39m: POST /api/bom-entry (40 ms) 201
[2026-07-22 18:14:39.295] [32mhttp[39m: GET /api/reference-designator?populate=eecCategory&filters[designatorCode][$eq]=C (22 ms) 200
[2026-07-22 18:14:39.349] [32mhttp[39m: POST /api/bom-entry (49 ms) 201
[2026-07-22 18:14:39.377] [32mhttp[39m: GET /api/reference-designator?populate=eecCategory&filters[designatorCode][$eq]=C (23 ms) 200
[2026-07-22 18:14:39.423] [32mhttp[39m: POST /api/bom-entry (37 ms) 201
[2026-07-22 18:14:39.450] [32mhttp[39m: GET /api/reference-designator?populate=eecCategory&filters[designatorCode][$eq]=C (19 ms) 200
[2026-07-22 18:14:39.620] [32mhttp[39m: POST /api/bom-entry (23 ms) 201
[2026-07-22 18:14:39.639] [32mhttp[39m: GET /api/reference-designator?populate=eecCategory&filters[designatorCode][$eq]=C (10 ms) 200
[2026-07-22 18:14:39.678] [32mhttp[39m: POST /api/bom-entry (35 ms) 201
[2026-07-22 18:14:39.705] [32mhttp[39m: GET /api/reference-designator?populate=eecCategory&filters[designatorCode][$eq]=C (21 ms) 200
[2026-07-22 18:14:39.761] [32mhttp[39m: POST /api/bom-entry (49 ms) 201
[2026-07-22 18:14:39.787] [32mhttp[39m: GET /api/reference-designator?populate=eecCategory&filters[designatorCode][$eq]=C (16 ms) 200
[2026-07-22 18:14:39.824] [32mhttp[39m: POST /api/bom-entry (33 ms) 201
[2026-07-22 18:14:39.852] [32mhttp[39m: GET /api/reference-designator?populate=eecCategory&filters[designatorCode][$eq]=C (22 ms) 200
[2026-07-22 18:14:39.886] [32mhttp[39m: POST /api/bom-entry (31 ms) 201
[2026-07-22 18:14:39.977] [32mhttp[39m: GET /api/reference-designator?populate=eecCategory&filters[designatorCode][$eq]=D (24 ms) 200
[2026-07-22 18:14:40.015] [32mhttp[39m: POST /api/bom-entry (33 ms) 201
[2026-07-22 18:14:40.045] [32mhttp[39m: GET /api/reference-designator?populate=eecCategory&filters[designatorCode][$eq]=D (26 ms) 200
[2026-07-22 18:14:40.090] [32mhttp[39m: POST /api/bom-entry (39 ms) 201
[2026-07-22 18:14:40.116] [32mhttp[39m: GET /api/reference-designator?populate=eecCategory&filters[designatorCode][$eq]=D (20 ms) 200
[2026-07-22 18:14:40.149] [32mhttp[39m: POST /api/bom-entry (30 ms) 201
[2026-07-22 18:14:40.181] [32mhttp[39m: GET /api/reference-designator?populate=eecCategory&filters[designatorCode][$eq]=D (25 ms) 200
[2026-07-22 18:14:40.215] [32mhttp[39m: POST /api/bom-entry (29 ms) 201
[2026-07-22 18:14:40.234] [32mhttp[39m: GET /api/reference-designator?populate=eecCategory&filters[designatorCode][$eq]=D (17 ms) 200
[2026-07-22 18:14:40.481] [32mhttp[39m: POST /api/bom-entry (50 ms) 201
[2026-07-22 18:14:40.498] [32mhttp[39m: GET /api/reference-designator?populate=eecCategory&filters[designatorCode][$eq]=D (14 ms) 200
[2026-07-22 18:14:40.522] [32mhttp[39m: POST /api/bom-entry (22 ms) 201
[2026-07-22 18:14:40.545] [32mhttp[39m: GET /api/reference-designator?populate=eecCategory&filters[designatorCode][$eq]=J (18 ms) 200
[2026-07-22 18:14:40.575] [32mhttp[39m: POST /api/bom-entry (28 ms) 201
[2026-07-22 18:14:40.600] [32mhttp[39m: GET /api/reference-designator?populate=eecCategory&filters[designatorCode][$eq]=J (21 ms) 200
[2026-07-22 18:14:40.628] [32mhttp[39m: POST /api/bom-entry (26 ms) 201
[2026-07-22 18:14:40.649] [32mhttp[39m: GET /api/reference-designator?populate=eecCategory&filters[designatorCode][$eq]=J (18 ms) 200
[2026-07-22 18:14:40.682] [32mhttp[39m: POST /api/bom-entry (31 ms) 201
[2026-07-22 18:14:40.790] [32mhttp[39m: GET /api/reference-designator?populate=eecCategory&filters[designatorCode][$eq]=J (17 ms) 200
[2026-07-22 18:14:40.833] [32mhttp[39m: POST /api/bom-entry (35 ms) 201
[2026-07-22 18:14:40.860] [32mhttp[39m: GET /api/reference-designator?populate=eecCategory&filters[designatorCode][$eq]=J (25 ms) 200
[2026-07-22 18:14:40.903] [32mhttp[39m: POST /api/bom-entry (40 ms) 201
[2026-07-22 18:14:40.929] [32mhttp[39m: GET /api/reference-designator?populate=eecCategory&filters[designatorCode][$eq]=J (22 ms) 200
[2026-07-22 18:14:40.965] [32mhttp[39m: POST /api/bom-entry (31 ms) 201
[2026-07-22 18:14:40.993] [32mhttp[39m: GET /api/reference-designator?populate=eecCategory&filters[designatorCode][$eq]=J (22 ms) 200
[2026-07-22 18:14:41.025] [32mhttp[39m: POST /api/bom-entry (27 ms) 201
[2026-07-22 18:14:41.050] [32mhttp[39m: GET /api/reference-designator?populate=eecCategory&filters[designatorCode][$eq]=J (21 ms) 200
[2026-07-22 18:14:41.244] [32mhttp[39m: POST /api/bom-entry (40 ms) 201
[2026-07-22 18:14:41.263] [32mhttp[39m: GET /api/reference-designator?populate=eecCategory&filters[designatorCode][$eq]=J (16 ms) 200
[2026-07-22 18:14:41.302] [32mhttp[39m: POST /api/bom-entry (36 ms) 201
[2026-07-22 18:14:41.320] [32mhttp[39m: GET /api/reference-designator?populate=eecCategory&filters[designatorCode][$eq]=J (15 ms) 200
[2026-07-22 18:14:41.340] [32mhttp[39m: POST /api/bom-entry (18 ms) 201
[2026-07-22 18:14:41.352] [32mhttp[39m: GET /api/reference-designator?populate=eecCategory&filters[designatorCode][$eq]=J (8 ms) 200
[2026-07-22 18:14:41.379] [32mhttp[39m: POST /api/bom-entry (25 ms) 201
[2026-07-22 18:14:41.406] [32mhttp[39m: GET /api/reference-designator?populate=eecCategory&filters[designatorCode][$eq]=J (25 ms) 200
[2026-07-22 18:14:41.433] [32mhttp[39m: POST /api/bom-entry (23 ms) 201
[2026-07-22 18:14:41.487] [32mhttp[39m: GET /api/reference-designator?populate=eecCategory&filters[designatorCode][$eq]=L (17 ms) 200
[2026-07-22 18:14:41.511] [32mhttp[39m: POST /api/bom-entry (22 ms) 201
[2026-07-22 18:14:41.522] [32mhttp[39m: GET /api/reference-designator?populate=eecCategory&filters[designatorCode][$eq]=L (9 ms) 200
[2026-07-22 18:14:41.564] [32mhttp[39m: POST /api/bom-entry (38 ms) 201
[2026-07-22 18:14:41.585] [32mhttp[39m: GET /api/reference-designator?populate=eecCategory&filters[designatorCode][$eq]=M (18 ms) 200
[2026-07-22 18:14:41.615] [32mhttp[39m: POST /api/bom-entry (28 ms) 201
[2026-07-22 18:14:41.687] [32mhttp[39m: GET /api/reference-designator?populate=eecCategory&filters[designatorCode][$eq]=UNKNOWN (6 ms) 200
[2026-07-22 18:14:41.718] [32mhttp[39m: POST /api/bom-entry (21 ms) 201
[2026-07-22 18:14:41.742] [32mhttp[39m: GET /api/reference-designator?populate=eecCategory&filters[designatorCode][$eq]=Q (21 ms) 200
[2026-07-22 18:14:41.769] [32mhttp[39m: POST /api/bom-entry (24 ms) 201
[2026-07-22 18:14:41.783] [32mhttp[39m: GET /api/reference-designator?populate=eecCategory&filters[designatorCode][$eq]=Q (12 ms) 200
[2026-07-22 18:14:41.811] [32mhttp[39m: POST /api/bom-entry (26 ms) 201
[2026-07-22 18:14:41.828] [32mhttp[39m: GET /api/reference-designator?populate=eecCategory&filters[designatorCode][$eq]=R (14 ms) 200
[2026-07-22 18:14:41.853] [32mhttp[39m: POST /api/bom-entry (22 ms) 201
[2026-07-22 18:14:41.871] [32mhttp[39m: GET /api/reference-designator?populate=eecCategory&filters[designatorCode][$eq]=R (15 ms) 200
[2026-07-22 18:14:41.898] [32mhttp[39m: POST /api/bom-entry (25 ms) 201
[2026-07-22 18:14:41.926] [32mhttp[39m: GET /api/reference-designator?populate=eecCategory&filters[designatorCode][$eq]=R (15 ms) 200
[2026-07-22 18:14:41.947] [32mhttp[39m: POST /api/bom-entry (18 ms) 201
[2026-07-22 18:14:41.971] [32mhttp[39m: GET /api/reference-designator?populate=eecCategory&filters[designatorCode][$eq]=R (21 ms) 200
[2026-07-22 18:14:42.012] [32mhttp[39m: POST /api/bom-entry (38 ms) 201
[2026-07-22 18:14:42.028] [32mhttp[39m: GET /api/reference-designator?populate=eecCategory&filters[designatorCode][$eq]=R (13 ms) 200
[2026-07-22 18:14:42.057] [32mhttp[39m: POST /api/bom-entry (26 ms) 201
[2026-07-22 18:14:42.080] [32mhttp[39m: GET /api/reference-designator?populate=eecCategory&filters[designatorCode][$eq]=R (19 ms) 200
[2026-07-22 18:14:42.116] [32mhttp[39m: POST /api/bom-entry (32 ms) 201
[2026-07-22 18:14:42.144] [32mhttp[39m: GET /api/reference-designator?populate=eecCategory&filters[designatorCode][$eq]=R (24 ms) 200
[2026-07-22 18:14:42.210] [32mhttp[39m: POST /api/bom-entry (32 ms) 201
[2026-07-22 18:14:42.233] [32mhttp[39m: GET /api/reference-designator?populate=eecCategory&filters[designatorCode][$eq]=R (20 ms) 200
[2026-07-22 18:14:42.264] [32mhttp[39m: POST /api/bom-entry (27 ms) 201
[2026-07-22 18:14:42.281] [32mhttp[39m: GET /api/reference-designator?populate=eecCategory&filters[designatorCode][$eq]=R (14 ms) 200
[2026-07-22 18:14:42.304] [32mhttp[39m: POST /api/bom-entry (21 ms) 201
[2026-07-22 18:14:42.323] [32mhttp[39m: GET /api/reference-designator?populate=eecCategory&filters[designatorCode][$eq]=R (16 ms) 200
[2026-07-22 18:14:42.348] [32mhttp[39m: POST /api/bom-entry (22 ms) 201
[2026-07-22 18:14:42.372] [32mhttp[39m: GET /api/reference-designator?populate=eecCategory&filters[designatorCode][$eq]=R (21 ms) 200
[2026-07-22 18:14:42.414] [32mhttp[39m: POST /api/bom-entry (37 ms) 201
[2026-07-22 18:14:42.478] [32mhttp[39m: GET /api/reference-designator?populate=eecCategory&filters[designatorCode][$eq]=R (28 ms) 200
[2026-07-22 18:14:42.512] [32mhttp[39m: POST /api/bom-entry (31 ms) 201
[2026-07-22 18:14:42.527] [32mhttp[39m: GET /api/reference-designator?populate=eecCategory&filters[designatorCode][$eq]=R (13 ms) 200
[2026-07-22 18:14:42.548] [32mhttp[39m: POST /api/bom-entry (18 ms) 201
[2026-07-22 18:14:42.560] [32mhttp[39m: GET /api/reference-designator?populate=eecCategory&filters[designatorCode][$eq]=R (11 ms) 200
[2026-07-22 18:14:42.583] [32mhttp[39m: POST /api/bom-entry (21 ms) 201
[2026-07-22 18:14:42.599] [32mhttp[39m: GET /api/reference-designator?populate=eecCategory&filters[designatorCode][$eq]=R (14 ms) 200
[2026-07-22 18:14:42.628] [32mhttp[39m: POST /api/bom-entry (26 ms) 201
[2026-07-22 18:14:42.644] [32mhttp[39m: GET /api/reference-designator?populate=eecCategory&filters[designatorCode][$eq]=R (13 ms) 200
[2026-07-22 18:14:42.698] [32mhttp[39m: POST /api/bom-entry (28 ms) 201
[2026-07-22 18:14:42.724] [32mhttp[39m: GET /api/reference-designator?populate=eecCategory&filters[designatorCode][$eq]=R (21 ms) 200
[2026-07-22 18:14:42.748] [32mhttp[39m: POST /api/bom-entry (21 ms) 201
[2026-07-22 18:14:42.768] [32mhttp[39m: GET /api/reference-designator?populate=eecCategory&filters[designatorCode][$eq]=R (17 ms) 200
[2026-07-22 18:14:42.794] [32mhttp[39m: POST /api/bom-entry (24 ms) 201
[2026-07-22 18:14:42.813] [32mhttp[39m: GET /api/reference-designator?populate=eecCategory&filters[designatorCode][$eq]=R (17 ms) 200
[2026-07-22 18:14:42.836] [32mhttp[39m: POST /api/bom-entry (22 ms) 201
[2026-07-22 18:14:42.853] [32mhttp[39m: GET /api/reference-designator?populate=eecCategory&filters[designatorCode][$eq]=R (15 ms) 200
[2026-07-22 18:14:42.880] [32mhttp[39m: POST /api/bom-entry (23 ms) 201
[2026-07-22 18:14:42.918] [32mhttp[39m: GET /api/reference-designator?populate=eecCategory&filters[designatorCode][$eq]=R (19 ms) 200
[2026-07-22 18:14:42.948] [32mhttp[39m: POST /api/bom-entry (27 ms) 201
[2026-07-22 18:14:42.965] [32mhttp[39m: GET /api/reference-designator?populate=eecCategory&filters[designatorCode][$eq]=R (15 ms) 200
[2026-07-22 18:14:42.990] [32mhttp[39m: POST /api/bom-entry (23 ms) 201
[2026-07-22 18:14:43.019] [32mhttp[39m: GET /api/reference-designator?populate=eecCategory&filters[designatorCode][$eq]=R (23 ms) 200
[2026-07-22 18:14:43.047] [32mhttp[39m: POST /api/bom-entry (25 ms) 201
[2026-07-22 18:14:43.056] [32mhttp[39m: GET /api/reference-designator?populate=eecCategory&filters[designatorCode][$eq]=R (7 ms) 200
[2026-07-22 18:14:43.085] [32mhttp[39m: POST /api/bom-entry (24 ms) 201
[2026-07-22 18:14:43.106] [32mhttp[39m: GET /api/reference-designator?populate=eecCategory&filters[designatorCode][$eq]=SW (14 ms) 200
[2026-07-22 18:14:43.150] [32mhttp[39m: POST /api/bom-entry (18 ms) 201
[2026-07-22 18:14:43.164] [32mhttp[39m: GET /api/reference-designator?populate=eecCategory&filters[designatorCode][$eq]=T (12 ms) 200
[2026-07-22 18:14:43.187] [32mhttp[39m: POST /api/bom-entry (21 ms) 201
[2026-07-22 18:14:43.210] [32mhttp[39m: GET /api/reference-designator?populate=eecCategory&filters[designatorCode][$eq]=T (18 ms) 200
[2026-07-22 18:14:43.238] [32mhttp[39m: POST /api/bom-entry (24 ms) 201
[2026-07-22 18:14:43.258] [32mhttp[39m: GET /api/reference-designator?populate=eecCategory&filters[designatorCode][$eq]=T (17 ms) 200
[2026-07-22 18:14:43.279] [32mhttp[39m: POST /api/bom-entry (19 ms) 201
[2026-07-22 18:14:43.289] [32mhttp[39m: GET /api/reference-designator?populate=eecCategory&filters[designatorCode][$eq]=U (7 ms) 200
[2026-07-22 18:14:43.311] [32mhttp[39m: POST /api/bom-entry (19 ms) 201
[2026-07-22 18:14:43.345] [32mhttp[39m: GET /api/reference-designator?populate=eecCategory&filters[designatorCode][$eq]=U (12 ms) 200
[2026-07-22 18:14:43.366] [32mhttp[39m: POST /api/bom-entry (19 ms) 201
[2026-07-22 18:14:43.382] [32mhttp[39m: GET /api/reference-designator?populate=eecCategory&filters[designatorCode][$eq]=U (13 ms) 200
[2026-07-22 18:14:43.403] [32mhttp[39m: POST /api/bom-entry (19 ms) 201
[2026-07-22 18:14:43.423] [32mhttp[39m: GET /api/reference-designator?populate=eecCategory&filters[designatorCode][$eq]=U (18 ms) 200
[2026-07-22 18:14:43.446] [32mhttp[39m: POST /api/bom-entry (20 ms) 201
[2026-07-22 18:14:43.460] [32mhttp[39m: GET /api/reference-designator?populate=eecCategory&filters[designatorCode][$eq]=X (12 ms) 200
[2026-07-22 18:14:43.482] [32mhttp[39m: POST /api/bom-entry (19 ms) 201
[2026-07-22 18:14:43.536] [32mhttp[39m: POST /api/audit-log (23 ms) 201
[2026-07-22 18:14:55.808] [32mhttp[39m: GET /api/bom-entry?pagination%5BpageSize%5D=5 (18 ms) 200
[2026-07-22 18:15:07.226] [32mhttp[39m: GET /api/bom-entry?pagination%5BpageSize%5D=200 (37 ms) 200
[2026-07-22 18:17:53.125] [32mhttp[39m: POST /admin/access-token (51 ms) 200
[2026-07-22 18:47:55.141] [32mhttp[39m: GET /admin/init (15 ms) 200
[2026-07-22 18:55:00.630] [32mhttp[39m: GET /api/device?pagination%5BpageSize%5D=5 (37 ms) 200
[2026-07-22 18:55:00.882] [32mhttp[39m: GET /api/eec-category?pagination%5BpageSize%5D=50 (28 ms) 200
[2026-07-22 18:55:00.916] [32mhttp[39m: GET /api/reference-designator?pagination%5BpageSize%5D=50 (28 ms) 200
[2026-07-22 18:55:00.984] [32mhttp[39m: GET /api/bom-entry?pagination%5BpageSize%5D=200 (64 ms) 200
[2026-07-22 18:55:01.039] [32mhttp[39m: GET /api/audit-log?pagination%5BpageSize%5D=50 (21 ms) 200
[2026-07-22 18:57:24.056] [32mhttp[39m: GET /admin (234 ms) 200
[2026-07-22 18:57:25.891] [32mhttp[39m: GET /admin/project-type (15 ms) 200
[2026-07-22 18:57:26.645] [32mhttp[39m: GET /admin/init (15 ms) 200
[2026-07-22 18:57:26.677] [32mhttp[39m: GET /admin/users/me (30 ms) 401
[2026-07-22 18:57:26.683] [32mhttp[39m: GET /admin/users/me/permissions (31 ms) 401
[2026-07-22 18:57:26.795] [32mhttp[39m: GET /admin/init (12 ms) 200
[2026-07-22 18:57:26.878] [32mhttp[39m: POST /admin/access-token (81 ms) 200
[2026-07-22 18:57:27.184] [32mhttp[39m: GET /admin/users/me (108 ms) 200
[2026-07-22 18:57:27.264] [32mhttp[39m: GET /admin/users/me/permissions (76 ms) 200
[2026-07-22 18:57:27.362] [32mhttp[39m: GET /admin/information (163 ms) 200
[2026-07-22 18:57:27.413] [32mhttp[39m: GET /admin/users/me (60 ms) 200
[2026-07-22 18:57:27.494] [32mhttp[39m: GET /admin/users/me/permissions (136 ms) 200
[2026-07-22 18:57:27.500] [32mhttp[39m: GET /admin/telemetry-properties (305 ms) 200
[2026-07-22 18:57:27.561] [32mhttp[39m: GET /admin/guided-tour-meta (55 ms) 200
[2026-07-22 18:57:27.647] [32mhttp[39m: GET /content-manager/homepage/count-documents (72 ms) 200
[2026-07-22 18:57:27.686] [32mhttp[39m: GET /admin/homepage/layout (116 ms) 200
[2026-07-22 18:57:27.736] [32mhttp[39m: GET /admin/homepage/key-statistics (88 ms) 200
[2026-07-22 18:57:27.751] [32mhttp[39m: GET /admin/license-limit-information (186 ms) 200
[2026-07-22 18:57:28.199] [32mhttp[39m: GET /content-manager/homepage/recent-documents?action=update (115 ms) 200
[2026-07-22 18:57:28.241] [32mhttp[39m: GET /content-manager/homepage/recent-documents?action=publish (40 ms) 200
[2026-07-22 18:57:32.569] [32mhttp[39m: GET /content-manager/init (56 ms) 200
[2026-07-22 18:57:32.655] [32mhttp[39m: GET /content-manager/content-types-settings (82 ms) 200
[2026-07-22 18:57:32.826] [32mhttp[39m: GET /content-manager/init (50 ms) 200
[2026-07-22 18:57:32.877] [32mhttp[39m: GET /content-manager/content-types/api::audit-log.audit-log/configuration (49 ms) 200
[2026-07-22 18:57:32.914] [32mhttp[39m: GET /content-manager/collection-types/api::audit-log.audit-log/egf6gf7xj6xe7vpcxn0joikz (35 ms) 200
[2026-07-22 18:57:33.280] [32mhttp[39m: GET /admin/ai-feature-config (43 ms) 404
[2026-07-22 18:57:33.322] [32mhttp[39m: GET /i18n/locales (40 ms) 200
[2026-07-22 18:57:33.370] [32mhttp[39m: GET /i18n/settings (47 ms) 200
[2026-07-22 18:57:33.422] [32mhttp[39m: GET /i18n/ai-localization-jobs/collection-types/api::audit-log.audit-log/egf6gf7xj6xe7vpcxn0joikz (51 ms) 404
[2026-07-22 18:57:33.489] [32mhttp[39m: GET /content-manager/relations/api::audit-log.audit-log/device?id=egf6gf7xj6xe7vpcxn0joikz&pageSize=10&_q=&page=1 (66 ms) 200
[2026-07-22 18:57:33.565] [32mhttp[39m: GET /content-manager/relations/api::audit-log.audit-log/egf6gf7xj6xe7vpcxn0joikz/device?pageSize=5&page=1 (75 ms) 200
[2026-07-22 18:57:33.607] [32mhttp[39m: GET /content-manager/preview/url/api::audit-log.audit-log?documentId=egf6gf7xj6xe7vpcxn0joikz&locale= (40 ms) 404
[2026-07-22 18:57:33.858] [32mhttp[39m: GET /admin/ai-feature-config (63 ms) 404
[2026-07-22 18:57:33.913] [32mhttp[39m: GET /content-manager/collection-types/api::audit-log.audit-log/egf6gf7xj6xe7vpcxn0joikz/actions/countDraftRelations (53 ms) 200
[2026-07-22 18:57:38.684] [32mhttp[39m: GET /content-manager/content-types/api::bom-entry.bom-entry/configuration (39 ms) 200
[2026-07-22 18:57:38.777] [32mhttp[39m: GET /content-manager/collection-types/api::bom-entry.bom-entry?page=1&pageSize=10&sort=referenceDesignator%3AASC (79 ms) 200
[2026-07-22 18:57:39.085] [32mhttp[39m: GET /admin/ai-feature-config (37 ms) 404
[2026-07-22 18:57:46.681] [32mhttp[39m: GET /content-manager/collection-types/api::bom-entry.bom-entry/vz950jygyrit5uqh37tvbhzf (46 ms) 200
[2026-07-22 18:57:46.878] [32mhttp[39m: GET /admin/ai-feature-config (33 ms) 404
[2026-07-22 18:57:46.918] [32mhttp[39m: GET /i18n/ai-localization-jobs/collection-types/api::bom-entry.bom-entry/vz950jygyrit5uqh37tvbhzf (36 ms) 404
[2026-07-22 18:57:46.962] [32mhttp[39m: GET /content-manager/relations/api::bom-entry.bom-entry/device?id=vz950jygyrit5uqh37tvbhzf&pageSize=10&_q=&page=1 (42 ms) 200
[2026-07-22 18:57:47.023] [32mhttp[39m: GET /content-manager/relations/api::bom-entry.bom-entry/vz950jygyrit5uqh37tvbhzf/device?pageSize=5&page=1 (60 ms) 200
[2026-07-22 18:57:47.107] [32mhttp[39m: GET /content-manager/relations/api::bom-entry.bom-entry/eecCategory?id=vz950jygyrit5uqh37tvbhzf&pageSize=10&_q=&page=1 (83 ms) 200
[2026-07-22 18:57:47.175] [32mhttp[39m: GET /content-manager/relations/api::bom-entry.bom-entry/vz950jygyrit5uqh37tvbhzf/eecCategory?pageSize=5&page=1 (66 ms) 200
[2026-07-22 18:57:47.222] [32mhttp[39m: GET /content-manager/relations/api::bom-entry.bom-entry/componentMaterials?id=vz950jygyrit5uqh37tvbhzf&pageSize=10&_q=&page=1 (46 ms) 200
[2026-07-22 18:57:47.331] [32mhttp[39m: GET /content-manager/relations/api::bom-entry.bom-entry/vz950jygyrit5uqh37tvbhzf/componentMaterials?pageSize=5&page=1 (106 ms) 200
[2026-07-22 18:57:47.354] [32mhttp[39m: GET /content-manager/preview/url/api::bom-entry.bom-entry?documentId=vz950jygyrit5uqh37tvbhzf&locale= (20 ms) 404
[2026-07-22 18:57:47.437] [32mhttp[39m: GET /admin/ai-feature-config (49 ms) 404
[2026-07-22 18:57:47.461] [32mhttp[39m: GET /content-manager/collection-types/api::bom-entry.bom-entry/vz950jygyrit5uqh37tvbhzf/actions/countDraftRelations (23 ms) 200
[2026-07-22 18:57:50.611] [32mhttp[39m: GET /api/eec-category?pagination%5BpageSize%5D=50 (15 ms) 200
[2026-07-22 18:57:50.862] [32mhttp[39m: GET /api/reference-designator?pagination%5BpageSize%5D=50&populate=eecCategory (23 ms) 200
[2026-07-22 18:57:50.999] [32mhttp[39m: GET /api/bom-entry?pagination%5BpageSize%5D=200 (50 ms) 200
[2026-07-22 18:57:51.474] [32mhttp[39m: GET /content-manager/content-types/plugin::users-permissions.user/configuration (36 ms) 200
[2026-07-22 18:57:51.546] [32mhttp[39m: GET /content-manager/collection-types/plugin::users-permissions.user?page=1&pageSize=10&sort=username%3AASC (57 ms) 200
[2026-07-22 19:10:41.727] [32mhttp[39m: GET /api/eec-category?pagination[page]=1&pagination[pageSize]=50 (189 ms) 200
[2026-07-22 19:10:43.944] [32mhttp[39m: GET /api/reference-designator?pagination[page]=1&pagination[pageSize]=50 (31 ms) 200
[2026-07-22 19:10:46.076] [32mhttp[39m: GET /api/bom-entry?pagination[page]=1&pagination[pageSize]=100 (111 ms) 200
[2026-07-22 19:10:48.154] [32mhttp[39m: GET /api/device?pagination[page]=1&pagination[pageSize]=50 (21 ms) 200
[2026-07-22 19:10:50.199] [32mhttp[39m: GET /api/audit-log?pagination[page]=1&pagination[pageSize]=50 (19 ms) 200
[2026-07-22 19:12:24.490] [32mhttp[39m: POST /api/device (225 ms) 201
[2026-07-22 19:12:40.506] [32mhttp[39m: GET /api/bom-entry?pagination%5BpageSize%5D=100 (117 ms) 200
[2026-07-22 19:12:40.758] [32mhttp[39m: PUT /api/bom-entry/o14sfzqib62luw86songsw5z (142 ms) 200
[2026-07-22 19:12:40.854] [32mhttp[39m: PUT /api/bom-entry/vz950jygyrit5uqh37tvbhzf (69 ms) 200
[2026-07-22 19:12:40.945] [32mhttp[39m: PUT /api/bom-entry/r261lgvn1ngvdhpkm6wsa20a (83 ms) 200
[2026-07-22 19:12:41.017] [32mhttp[39m: PUT /api/bom-entry/kurwmaafht5bhdcv07pjygtd (60 ms) 200
[2026-07-22 19:12:41.109] [32mhttp[39m: PUT /api/bom-entry/cv6919run4j9skyvopqblhqi (86 ms) 200
[2026-07-22 19:12:41.192] [32mhttp[39m: PUT /api/bom-entry/y51wl7arvsbh3eqkle7xq3s1 (73 ms) 200
[2026-07-22 19:12:41.271] [32mhttp[39m: PUT /api/bom-entry/jqp6momt3b0gucg3acagw0vi (73 ms) 200
[2026-07-22 19:12:41.345] [32mhttp[39m: PUT /api/bom-entry/k6khqztzv7v56u2ii6cw8teo (68 ms) 200
[2026-07-22 19:12:41.422] [32mhttp[39m: PUT /api/bom-entry/uthxxi2q4ttxoe9uq1xst603 (69 ms) 200
[2026-07-22 19:12:41.632] [32mhttp[39m: PUT /api/bom-entry/fsqxdd23ilpa69ikknw5au42 (199 ms) 200
[2026-07-22 19:12:41.746] [32mhttp[39m: PUT /api/bom-entry/qcqrbkx5r7m8kmm6sbneydnb (100 ms) 200
[2026-07-22 19:12:41.837] [32mhttp[39m: PUT /api/bom-entry/h5omeycl3r6b7zampc0v152z (65 ms) 200
[2026-07-22 19:12:41.920] [32mhttp[39m: PUT /api/bom-entry/xfd9fvuy6rqs7engcujytwc3 (75 ms) 200
[2026-07-22 19:12:42.005] [32mhttp[39m: PUT /api/bom-entry/sueakfhhx15xp68v2woekp8x (76 ms) 200
[2026-07-22 19:12:42.076] [32mhttp[39m: PUT /api/bom-entry/hx9m114ttas9l0y9608kyef3 (62 ms) 200
[2026-07-22 19:12:42.175] [32mhttp[39m: PUT /api/bom-entry/z83js0wawvxipcy34v7ekyeh (85 ms) 200
[2026-07-22 19:12:42.293] [32mhttp[39m: PUT /api/bom-entry/sck3wjtf3nj3k68rmo92ktix (105 ms) 200
[2026-07-22 19:12:42.628] [32mhttp[39m: PUT /api/bom-entry/lv519sugwvdp8hj8ia2c9vxk (316 ms) 200
[2026-07-22 19:12:42.729] [32mhttp[39m: PUT /api/bom-entry/vsgxtrzrvescg2z867q4gu8p (87 ms) 200
[2026-07-22 19:12:42.810] [32mhttp[39m: PUT /api/bom-entry/h08sdomojksfjq81hgsl9naq (74 ms) 200
[2026-07-22 19:12:43.045] [32mhttp[39m: PUT /api/bom-entry/hj9mgo3fn1dp94hhxwovuech (114 ms) 200
[2026-07-22 19:12:43.101] [32mhttp[39m: PUT /api/bom-entry/d87etgo0kef6ygio7muac3v1 (49 ms) 200
[2026-07-22 19:12:43.151] [32mhttp[39m: PUT /api/bom-entry/xa0oiy0khbchka8a6vjo1x2a (43 ms) 200
[2026-07-22 19:12:43.219] [32mhttp[39m: PUT /api/bom-entry/tu11e67d1uiag5ktxgiooneb (62 ms) 200
[2026-07-22 19:12:43.311] [32mhttp[39m: PUT /api/bom-entry/hlbfb9edqoxapq4fg40c3rus (84 ms) 200
[2026-07-22 19:12:43.413] [32mhttp[39m: PUT /api/bom-entry/modys74lqfyk3svnsu0tvhnr (91 ms) 200
[2026-07-22 19:12:43.510] [32mhttp[39m: PUT /api/bom-entry/tgywmymq5dypzpdiw0kk0cf5 (87 ms) 200
[2026-07-22 19:12:43.957] [32mhttp[39m: PUT /api/bom-entry/lgah7p100daxvg9enwkovqaa (147 ms) 200
[2026-07-22 19:12:44.284] [32mhttp[39m: PUT /api/bom-entry/i24gfvi664g9kb88g62jvu7k (61 ms) 200
[2026-07-22 19:12:44.354] [32mhttp[39m: PUT /api/bom-entry/dw3rj0xy8t06bzv0ce76eiy3 (65 ms) 200
[2026-07-22 19:12:44.422] [32mhttp[39m: PUT /api/bom-entry/sa34aqgjvgvsb5fiwfonry48 (61 ms) 200
[2026-07-22 19:12:44.468] [32mhttp[39m: PUT /api/bom-entry/se6bx690xtyd4lro285en1r9 (40 ms) 200
[2026-07-22 19:12:44.536] [32mhttp[39m: PUT /api/bom-entry/lzwdkldiewyinudfql7w7oda (61 ms) 200
[2026-07-22 19:12:44.596] [32mhttp[39m: PUT /api/bom-entry/yq17njz208f3eazwvoi4qhvm (55 ms) 200
[2026-07-22 19:12:44.669] [32mhttp[39m: PUT /api/bom-entry/wg9fz60o3yrndr139yh8usje (68 ms) 200
[2026-07-22 19:12:44.757] [32mhttp[39m: PUT /api/bom-entry/yuep3ovbjrf3jykywbd7j0p4 (78 ms) 200
[2026-07-22 19:12:44.843] [32mhttp[39m: PUT /api/bom-entry/slgrp11o0n7gos4epvngj3qh (82 ms) 200
[2026-07-22 19:12:45.003] [32mhttp[39m: PUT /api/bom-entry/ngq41atvpr71dntmlm1lby81 (50 ms) 200
[2026-07-22 19:12:45.089] [32mhttp[39m: PUT /api/bom-entry/wio58isrfywssxeryko5vo5q (35 ms) 200
[2026-07-22 19:12:45.154] [32mhttp[39m: PUT /api/bom-entry/gxojy15vxyfzu0x49762bf4g (62 ms) 200
[2026-07-22 19:12:45.218] [32mhttp[39m: PUT /api/bom-entry/cak36ypypwauzrg7jo3z8urj (59 ms) 200
[2026-07-22 19:12:45.285] [32mhttp[39m: PUT /api/bom-entry/powrtsu0sjbmatngsb5v8ohu (62 ms) 200
[2026-07-22 19:12:45.351] [32mhttp[39m: PUT /api/bom-entry/jgg12t9b9xlrqop5vfuoyscg (62 ms) 200
[2026-07-22 19:12:45.425] [32mhttp[39m: PUT /api/bom-entry/vogauctsnypwhqs1q1levomv (70 ms) 200
[2026-07-22 19:12:45.487] [32mhttp[39m: PUT /api/bom-entry/n7spj9ly13cz7bm2rukxt0s3 (58 ms) 200
[2026-07-22 19:12:45.526] [32mhttp[39m: PUT /api/bom-entry/rlmt2bxnkbvqj1zs6p60vdic (36 ms) 200
[2026-07-22 19:12:45.559] [32mhttp[39m: PUT /api/bom-entry/kgtqdtnucd8kwt6xb9rm1d4m (30 ms) 200
[2026-07-22 19:12:45.686] [32mhttp[39m: PUT /api/bom-entry/t173t4ptjqyzkwr72ab8fdrc (39 ms) 200
[2026-07-22 19:12:45.735] [32mhttp[39m: PUT /api/bom-entry/ltu6qlvx9abn2c6n8gqooprg (44 ms) 200
[2026-07-22 19:12:45.801] [32mhttp[39m: PUT /api/bom-entry/q2s60e3qqwwzrfoqp6trilo2 (62 ms) 200
[2026-07-22 19:12:45.881] [32mhttp[39m: PUT /api/bom-entry/fmlhdcg3db7c4viw4769wry0 (76 ms) 200
[2026-07-22 19:12:45.950] [32mhttp[39m: PUT /api/bom-entry/fmxgksolxitxveilxfxu3j3m (64 ms) 200
[2026-07-22 19:12:45.995] [32mhttp[39m: PUT /api/bom-entry/ejxvczjwdbib8r5sqxa7skoo (40 ms) 200
[2026-07-22 19:12:46.070] [32mhttp[39m: PUT /api/bom-entry/y4x0rhm1l6k70wcklj0fky6q (72 ms) 200
[2026-07-22 19:12:46.158] [32mhttp[39m: PUT /api/bom-entry/rnmyt2vo3ukp9m6lu1kcdxva (83 ms) 200
[2026-07-22 19:12:46.219] [32mhttp[39m: PUT /api/bom-entry/ibetfnzumazwqx9kcjuqkj9j (58 ms) 200
[2026-07-22 19:12:46.284] [32mhttp[39m: PUT /api/bom-entry/kn7ni0sori2k5eqy31e34zse (61 ms) 200
[2026-07-22 19:12:46.346] [32mhttp[39m: PUT /api/bom-entry/bb9o2wpeiplm0nlzwo8rpofg (40 ms) 200
[2026-07-22 19:12:46.405] [32mhttp[39m: PUT /api/bom-entry/ge5zi9rfm61czhnm8mxa8y88 (54 ms) 200
[2026-07-22 19:12:46.473] [32mhttp[39m: PUT /api/bom-entry/q101smqn3ur1h3cqkf0xmkjp (62 ms) 200
[2026-07-22 19:12:46.523] [32mhttp[39m: PUT /api/bom-entry/a5ry55jnh7vx2zqxu72ly3p1 (46 ms) 200
[2026-07-22 19:12:46.563] [32mhttp[39m: PUT /api/bom-entry/iicgzral9tpnaasri8qipj51 (36 ms) 200
[2026-07-22 19:12:46.624] [32mhttp[39m: PUT /api/bom-entry/k5l4bzknpvvtjuyp0rris3dk (58 ms) 200
[2026-07-22 19:12:46.690] [32mhttp[39m: PUT /api/bom-entry/jcrrwo25je89uxe1i7ojs951 (63 ms) 200
[2026-07-22 19:12:46.773] [32mhttp[39m: PUT /api/bom-entry/ve2y9b3zg2wkxy0lp9vqpuw5 (73 ms) 200
[2026-07-22 19:12:46.836] [32mhttp[39m: PUT /api/bom-entry/tyypomi4nujy6krqt82verfm (59 ms) 200
[2026-07-22 19:12:46.979] [32mhttp[39m: PUT /api/bom-entry/ir90psfstjfoupdcnbgii3in (69 ms) 200
[2026-07-22 19:12:47.099] [32mhttp[39m: PUT /api/bom-entry/ajkk1kknesnzvtkf4js7wcbs (114 ms) 200
[2026-07-22 19:12:47.183] [32mhttp[39m: PUT /api/bom-entry/qihhfcnxms8x27x7inijch1h (68 ms) 200
[2026-07-22 19:12:47.268] [32mhttp[39m: PUT /api/bom-entry/pagm9uuibi0pywe1gy0dnhyo (78 ms) 200
[2026-07-22 19:12:47.364] [32mhttp[39m: PUT /api/bom-entry/duupp0yf094f0v19gisk9hds (90 ms) 200
[2026-07-22 19:12:47.437] [32mhttp[39m: PUT /api/bom-entry/zawutuxjj7iqe4bu589x2cx5 (69 ms) 200
[2026-07-22 19:12:47.519] [32mhttp[39m: PUT /api/bom-entry/jdz5myu4l78l66fah0ki1y99 (78 ms) 200
[2026-07-22 19:12:47.569] [32mhttp[39m: PUT /api/bom-entry/un5jq2tqmb18240yy5220wro (45 ms) 200
[2026-07-22 19:13:00.075] [32mhttp[39m: GET /api/audit-log?pagination%5BpageSize%5D=10 (21 ms) 200
[2026-07-22 19:13:00.305] [32mhttp[39m: PUT /api/audit-log/egf6gf7xj6xe7vpcxn0joikz (64 ms) 200
[2026-07-22 19:17:30.444] [32mhttp[39m: GET /api/device?filters[modelName][$eq]=STEVAL-SPIN3204 (20 ms) 200
[2026-07-22 19:17:31.385] [32mhttp[39m: GET /api/reference-designator?populate=eecCategory&filters[designatorCode][$eq]=C (18 ms) 200
[2026-07-22 19:17:31.453] [32mhttp[39m: POST /api/bom-entry (29 ms) 201
[2026-07-22 19:17:31.479] [32mhttp[39m: GET /api/reference-designator?populate=eecCategory&filters[designatorCode][$eq]=C (13 ms) 200
[2026-07-22 19:17:31.513] [32mhttp[39m: POST /api/bom-entry (31 ms) 201
[2026-07-22 19:17:31.530] [32mhttp[39m: GET /api/reference-designator?populate=eecCategory&filters[designatorCode][$eq]=C (13 ms) 200
[2026-07-22 19:17:31.568] [32mhttp[39m: POST /api/bom-entry (36 ms) 201
[2026-07-22 19:17:31.586] [32mhttp[39m: GET /api/reference-designator?populate=eecCategory&filters[designatorCode][$eq]=C (14 ms) 200
[2026-07-22 19:17:31.623] [32mhttp[39m: POST /api/bom-entry (33 ms) 201
[2026-07-22 19:17:31.643] [32mhttp[39m: GET /api/reference-designator?populate=eecCategory&filters[designatorCode][$eq]=C (15 ms) 200
[2026-07-22 19:17:31.674] [32mhttp[39m: POST /api/bom-entry (27 ms) 201
[2026-07-22 19:17:31.708] [32mhttp[39m: GET /api/reference-designator?populate=eecCategory&filters[designatorCode][$eq]=C (30 ms) 200
[2026-07-22 19:17:31.751] [32mhttp[39m: POST /api/bom-entry (36 ms) 201
[2026-07-22 19:17:31.772] [32mhttp[39m: GET /api/reference-designator?populate=eecCategory&filters[designatorCode][$eq]=C (12 ms) 200
[2026-07-22 19:17:31.820] [32mhttp[39m: POST /api/bom-entry (41 ms) 201
[2026-07-22 19:17:31.849] [32mhttp[39m: GET /api/reference-designator?populate=eecCategory&filters[designatorCode][$eq]=C (21 ms) 200
[2026-07-22 19:17:31.884] [32mhttp[39m: POST /api/bom-entry (29 ms) 201
[2026-07-22 19:17:31.899] [32mhttp[39m: GET /api/reference-designator?populate=eecCategory&filters[designatorCode][$eq]=C (12 ms) 200
[2026-07-22 19:17:31.935] [32mhttp[39m: POST /api/bom-entry (32 ms) 201
[2026-07-22 19:17:31.960] [32mhttp[39m: GET /api/reference-designator?populate=eecCategory&filters[designatorCode][$eq]=C (19 ms) 200
[2026-07-22 19:17:31.998] [32mhttp[39m: POST /api/bom-entry (30 ms) 201
[2026-07-22 19:17:32.019] [32mhttp[39m: GET /api/reference-designator?populate=eecCategory&filters[designatorCode][$eq]=C (19 ms) 200
[2026-07-22 19:17:32.121] [32mhttp[39m: POST /api/bom-entry (47 ms) 201
[2026-07-22 19:17:32.149] [32mhttp[39m: GET /api/reference-designator?populate=eecCategory&filters[designatorCode][$eq]=C (22 ms) 200
[2026-07-22 19:17:32.204] [32mhttp[39m: POST /api/bom-entry (49 ms) 201
[2026-07-22 19:17:32.226] [32mhttp[39m: GET /api/reference-designator?populate=eecCategory&filters[designatorCode][$eq]=C (17 ms) 200
[2026-07-22 19:17:32.255] [32mhttp[39m: POST /api/bom-entry (23 ms) 201
[2026-07-22 19:17:32.269] [32mhttp[39m: GET /api/reference-designator?populate=eecCategory&filters[designatorCode][$eq]=C (10 ms) 200
[2026-07-22 19:17:32.300] [32mhttp[39m: POST /api/bom-entry (27 ms) 201
[2026-07-22 19:17:32.316] [32mhttp[39m: GET /api/reference-designator?populate=eecCategory&filters[designatorCode][$eq]=C (13 ms) 200
[2026-07-22 19:17:32.351] [32mhttp[39m: POST /api/bom-entry (31 ms) 201
[2026-07-22 19:17:32.437] [32mhttp[39m: GET /api/reference-designator?populate=eecCategory&filters[designatorCode][$eq]=C (12 ms) 200
[2026-07-22 19:17:32.471] [32mhttp[39m: POST /api/bom-entry (30 ms) 201
[2026-07-22 19:17:32.487] [32mhttp[39m: GET /api/reference-designator?populate=eecCategory&filters[designatorCode][$eq]=C (10 ms) 200
[2026-07-22 19:17:32.518] [32mhttp[39m: POST /api/bom-entry (27 ms) 201
[2026-07-22 19:17:32.537] [32mhttp[39m: GET /api/reference-designator?populate=eecCategory&filters[designatorCode][$eq]=D (13 ms) 200
[2026-07-22 19:17:32.565] [32mhttp[39m: POST /api/bom-entry (23 ms) 201
[2026-07-22 19:17:32.580] [32mhttp[39m: GET /api/reference-designator?populate=eecCategory&filters[designatorCode][$eq]=D (12 ms) 200
[2026-07-22 19:17:32.611] [32mhttp[39m: POST /api/bom-entry (27 ms) 201
[2026-07-22 19:17:32.634] [32mhttp[39m: GET /api/reference-designator?populate=eecCategory&filters[designatorCode][$eq]=D (19 ms) 200
[2026-07-22 19:17:32.780] [32mhttp[39m: POST /api/bom-entry (55 ms) 201
[2026-07-22 19:17:32.797] [32mhttp[39m: GET /api/reference-designator?populate=eecCategory&filters[designatorCode][$eq]=D (12 ms) 200
[2026-07-22 19:17:32.832] [32mhttp[39m: POST /api/bom-entry (31 ms) 201
[2026-07-22 19:17:32.864] [32mhttp[39m: GET /api/reference-designator?populate=eecCategory&filters[designatorCode][$eq]=D (24 ms) 200
[2026-07-22 19:17:32.895] [32mhttp[39m: POST /api/bom-entry (27 ms) 201
[2026-07-22 19:17:32.911] [32mhttp[39m: GET /api/reference-designator?populate=eecCategory&filters[designatorCode][$eq]=D (12 ms) 200
[2026-07-22 19:17:32.952] [32mhttp[39m: POST /api/bom-entry (36 ms) 201
[2026-07-22 19:17:32.976] [32mhttp[39m: GET /api/reference-designator?populate=eecCategory&filters[designatorCode][$eq]=J (16 ms) 200
[2026-07-22 19:17:33.020] [32mhttp[39m: POST /api/bom-entry (40 ms) 201
[2026-07-22 19:17:33.161] [32mhttp[39m: GET /api/reference-designator?populate=eecCategory&filters[designatorCode][$eq]=J (12 ms) 200
[2026-07-22 19:17:33.196] [32mhttp[39m: POST /api/bom-entry (31 ms) 201
[2026-07-22 19:17:33.217] [32mhttp[39m: GET /api/reference-designator?populate=eecCategory&filters[designatorCode][$eq]=J (17 ms) 200
[2026-07-22 19:17:33.254] [32mhttp[39m: POST /api/bom-entry (35 ms) 201
[2026-07-22 19:17:33.279] [32mhttp[39m: GET /api/reference-designator?populate=eecCategory&filters[designatorCode][$eq]=J (19 ms) 200
[2026-07-22 19:17:33.313] [32mhttp[39m: POST /api/bom-entry (32 ms) 201
[2026-07-22 19:17:33.336] [32mhttp[39m: GET /api/reference-designator?populate=eecCategory&filters[designatorCode][$eq]=J (19 ms) 200
[2026-07-22 19:17:33.383] [32mhttp[39m: POST /api/bom-entry (41 ms) 201
[2026-07-22 19:17:33.414] [32mhttp[39m: GET /api/reference-designator?populate=eecCategory&filters[designatorCode][$eq]=J (26 ms) 200
[2026-07-22 19:17:33.530] [32mhttp[39m: POST /api/bom-entry (24 ms) 201
[2026-07-22 19:17:33.541] [32mhttp[39m: GET /api/reference-designator?populate=eecCategory&filters[designatorCode][$eq]=J (8 ms) 200
[2026-07-22 19:17:33.567] [32mhttp[39m: POST /api/bom-entry (24 ms) 201
[2026-07-22 19:17:33.590] [32mhttp[39m: GET /api/reference-designator?populate=eecCategory&filters[designatorCode][$eq]=J (21 ms) 200
[2026-07-22 19:17:33.698] [32mhttp[39m: POST /api/bom-entry (29 ms) 201
[2026-07-22 19:17:33.712] [32mhttp[39m: GET /api/reference-designator?populate=eecCategory&filters[designatorCode][$eq]=J (13 ms) 200
[2026-07-22 19:17:33.763] [32mhttp[39m: POST /api/bom-entry (22 ms) 201
[2026-07-22 19:17:33.798] [32mhttp[39m: GET /api/reference-designator?populate=eecCategory&filters[designatorCode][$eq]=J (23 ms) 200
[2026-07-22 19:17:33.856] [32mhttp[39m: POST /api/bom-entry (46 ms) 201
[2026-07-22 19:17:33.876] [32mhttp[39m: GET /api/reference-designator?populate=eecCategory&filters[designatorCode][$eq]=J (15 ms) 200
[2026-07-22 19:17:33.922] [32mhttp[39m: POST /api/bom-entry (40 ms) 201
[2026-07-22 19:17:33.967] [32mhttp[39m: GET /api/reference-designator?populate=eecCategory&filters[designatorCode][$eq]=J (31 ms) 200
[2026-07-22 19:17:34.002] [32mhttp[39m: POST /api/bom-entry (26 ms) 201
[2026-07-22 19:17:34.015] [32mhttp[39m: GET /api/reference-designator?populate=eecCategory&filters[designatorCode][$eq]=L (10 ms) 200
[2026-07-22 19:17:34.053] [32mhttp[39m: POST /api/bom-entry (32 ms) 201
[2026-07-22 19:17:34.085] [32mhttp[39m: GET /api/reference-designator?populate=eecCategory&filters[designatorCode][$eq]=L (27 ms) 200
[2026-07-22 19:17:34.131] [32mhttp[39m: POST /api/bom-entry (35 ms) 201
[2026-07-22 19:17:34.158] [32mhttp[39m: GET /api/reference-designator?populate=eecCategory&filters[designatorCode][$eq]=M (17 ms) 200
[2026-07-22 19:17:34.183] [32mhttp[39m: POST /api/bom-entry (19 ms) 201
[2026-07-22 19:17:34.216] [32mhttp[39m: GET /api/reference-designator?populate=eecCategory&filters[designatorCode][$eq]=UNKNOWN (12 ms) 200
[2026-07-22 19:17:34.248] [32mhttp[39m: POST /api/bom-entry (31 ms) 201
[2026-07-22 19:17:34.260] [32mhttp[39m: GET /api/reference-designator?populate=eecCategory&filters[designatorCode][$eq]=Q (11 ms) 200
[2026-07-22 19:17:34.290] [32mhttp[39m: POST /api/bom-entry (26 ms) 201
[2026-07-22 19:17:34.311] [32mhttp[39m: GET /api/reference-designator?populate=eecCategory&filters[designatorCode][$eq]=Q (19 ms) 200
[2026-07-22 19:17:34.344] [32mhttp[39m: POST /api/bom-entry (29 ms) 201
[2026-07-22 19:17:34.366] [32mhttp[39m: GET /api/reference-designator?populate=eecCategory&filters[designatorCode][$eq]=R (14 ms) 200
[2026-07-22 19:17:34.395] [32mhttp[39m: POST /api/bom-entry (24 ms) 201
[2026-07-22 19:17:34.411] [32mhttp[39m: GET /api/reference-designator?populate=eecCategory&filters[designatorCode][$eq]=R (12 ms) 200
[2026-07-22 19:17:34.464] [32mhttp[39m: POST /api/bom-entry (44 ms) 201
[2026-07-22 19:17:34.486] [32mhttp[39m: GET /api/reference-designator?populate=eecCategory&filters[designatorCode][$eq]=R (18 ms) 200
[2026-07-22 19:17:34.518] [32mhttp[39m: POST /api/bom-entry (28 ms) 201
[2026-07-22 19:17:34.530] [32mhttp[39m: GET /api/reference-designator?populate=eecCategory&filters[designatorCode][$eq]=R (7 ms) 200
[2026-07-22 19:17:34.560] [32mhttp[39m: POST /api/bom-entry (23 ms) 201
[2026-07-22 19:17:34.582] [32mhttp[39m: GET /api/reference-designator?populate=eecCategory&filters[designatorCode][$eq]=R (17 ms) 200
[2026-07-22 19:17:34.619] [32mhttp[39m: POST /api/bom-entry (28 ms) 201
[2026-07-22 19:17:34.642] [32mhttp[39m: GET /api/reference-designator?populate=eecCategory&filters[designatorCode][$eq]=R (16 ms) 200
[2026-07-22 19:17:34.689] [32mhttp[39m: POST /api/bom-entry (35 ms) 201
[2026-07-22 19:17:34.703] [32mhttp[39m: GET /api/reference-designator?populate=eecCategory&filters[designatorCode][$eq]=R (11 ms) 200
[2026-07-22 19:17:34.741] [32mhttp[39m: POST /api/bom-entry (32 ms) 201
[2026-07-22 19:17:34.768] [32mhttp[39m: GET /api/reference-designator?populate=eecCategory&filters[designatorCode][$eq]=R (21 ms) 200
[2026-07-22 19:17:34.807] [32mhttp[39m: POST /api/bom-entry (29 ms) 201
[2026-07-22 19:17:34.826] [32mhttp[39m: GET /api/reference-designator?populate=eecCategory&filters[designatorCode][$eq]=R (16 ms) 200
[2026-07-22 19:17:34.860] [32mhttp[39m: POST /api/bom-entry (27 ms) 201
[2026-07-22 19:17:34.892] [32mhttp[39m: GET /api/reference-designator?populate=eecCategory&filters[designatorCode][$eq]=R (24 ms) 200
[2026-07-22 19:17:34.935] [32mhttp[39m: POST /api/bom-entry (31 ms) 201
[2026-07-22 19:17:34.951] [32mhttp[39m: GET /api/reference-designator?populate=eecCategory&filters[designatorCode][$eq]=R (12 ms) 200
[2026-07-22 19:17:34.980] [32mhttp[39m: POST /api/bom-entry (26 ms) 201
[2026-07-22 19:17:34.996] [32mhttp[39m: GET /api/reference-designator?populate=eecCategory&filters[designatorCode][$eq]=R (12 ms) 200
[2026-07-22 19:17:35.045] [32mhttp[39m: POST /api/bom-entry (33 ms) 201
[2026-07-22 19:17:35.061] [32mhttp[39m: GET /api/reference-designator?populate=eecCategory&filters[designatorCode][$eq]=R (13 ms) 200
[2026-07-22 19:17:35.090] [32mhttp[39m: POST /api/bom-entry (25 ms) 201
[2026-07-22 19:17:35.115] [32mhttp[39m: GET /api/reference-designator?populate=eecCategory&filters[designatorCode][$eq]=R (18 ms) 200
[2026-07-22 19:17:35.160] [32mhttp[39m: POST /api/bom-entry (34 ms) 201
[2026-07-22 19:17:35.174] [32mhttp[39m: GET /api/reference-designator?populate=eecCategory&filters[designatorCode][$eq]=R (11 ms) 200
[2026-07-22 19:17:35.222] [32mhttp[39m: POST /api/bom-entry (43 ms) 201
[2026-07-22 19:17:35.257] [32mhttp[39m: GET /api/reference-designator?populate=eecCategory&filters[designatorCode][$eq]=R (26 ms) 200
[2026-07-22 19:17:35.308] [32mhttp[39m: POST /api/bom-entry (34 ms) 201
[2026-07-22 19:17:35.333] [32mhttp[39m: GET /api/reference-designator?populate=eecCategory&filters[designatorCode][$eq]=R (18 ms) 200
[2026-07-22 19:17:35.365] [32mhttp[39m: POST /api/bom-entry (26 ms) 201
[2026-07-22 19:17:35.385] [32mhttp[39m: GET /api/reference-designator?populate=eecCategory&filters[designatorCode][$eq]=R (13 ms) 200
[2026-07-22 19:17:35.421] [32mhttp[39m: POST /api/bom-entry (27 ms) 201
[2026-07-22 19:17:35.444] [32mhttp[39m: GET /api/reference-designator?populate=eecCategory&filters[designatorCode][$eq]=R (20 ms) 200
[2026-07-22 19:17:35.476] [32mhttp[39m: POST /api/bom-entry (23 ms) 201
[2026-07-22 19:17:35.492] [32mhttp[39m: GET /api/reference-designator?populate=eecCategory&filters[designatorCode][$eq]=R (12 ms) 200
[2026-07-22 19:17:35.525] [32mhttp[39m: POST /api/bom-entry (25 ms) 201
[2026-07-22 19:17:35.533] [32mhttp[39m: GET /api/reference-designator?populate=eecCategory&filters[designatorCode][$eq]=R (7 ms) 200
[2026-07-22 19:17:35.562] [32mhttp[39m: POST /api/bom-entry (26 ms) 201
[2026-07-22 19:17:35.580] [32mhttp[39m: GET /api/reference-designator?populate=eecCategory&filters[designatorCode][$eq]=R (11 ms) 200
[2026-07-22 19:17:35.608] [32mhttp[39m: POST /api/bom-entry (23 ms) 201
[2026-07-22 19:17:35.619] [32mhttp[39m: GET /api/reference-designator?populate=eecCategory&filters[designatorCode][$eq]=R (8 ms) 200
[2026-07-22 19:17:35.653] [32mhttp[39m: POST /api/bom-entry (33 ms) 201
[2026-07-22 19:17:35.662] [32mhttp[39m: GET /api/reference-designator?populate=eecCategory&filters[designatorCode][$eq]=R (7 ms) 200
[2026-07-22 19:17:35.694] [32mhttp[39m: POST /api/bom-entry (28 ms) 201
[2026-07-22 19:17:35.728] [32mhttp[39m: GET /api/reference-designator?populate=eecCategory&filters[designatorCode][$eq]=SW (16 ms) 200
[2026-07-22 19:17:35.760] [32mhttp[39m: POST /api/bom-entry (26 ms) 201
[2026-07-22 19:17:35.770] [32mhttp[39m: GET /api/reference-designator?populate=eecCategory&filters[designatorCode][$eq]=T (8 ms) 200
[2026-07-22 19:17:35.793] [32mhttp[39m: POST /api/bom-entry (19 ms) 201
[2026-07-22 19:17:35.805] [32mhttp[39m: GET /api/reference-designator?populate=eecCategory&filters[designatorCode][$eq]=T (8 ms) 200
[2026-07-22 19:17:35.832] [32mhttp[39m: POST /api/bom-entry (23 ms) 201
[2026-07-22 19:17:35.842] [32mhttp[39m: GET /api/reference-designator?populate=eecCategory&filters[designatorCode][$eq]=T (8 ms) 200
[2026-07-22 19:17:35.864] [32mhttp[39m: POST /api/bom-entry (19 ms) 201
[2026-07-22 19:17:35.893] [32mhttp[39m: GET /api/reference-designator?populate=eecCategory&filters[designatorCode][$eq]=U (20 ms) 200
[2026-07-22 19:17:35.928] [32mhttp[39m: POST /api/bom-entry (24 ms) 201
[2026-07-22 19:17:35.947] [32mhttp[39m: GET /api/reference-designator?populate=eecCategory&filters[designatorCode][$eq]=U (16 ms) 200
[2026-07-22 19:17:35.985] [32mhttp[39m: POST /api/bom-entry (30 ms) 201
[2026-07-22 19:17:36.003] [32mhttp[39m: GET /api/reference-designator?populate=eecCategory&filters[designatorCode][$eq]=U (16 ms) 200
[2026-07-22 19:17:36.031] [32mhttp[39m: POST /api/bom-entry (27 ms) 201
[2026-07-22 19:17:36.045] [32mhttp[39m: GET /api/reference-designator?populate=eecCategory&filters[designatorCode][$eq]=U (13 ms) 200
[2026-07-22 19:17:36.074] [32mhttp[39m: POST /api/bom-entry (23 ms) 201
[2026-07-22 19:17:36.087] [32mhttp[39m: GET /api/reference-designator?populate=eecCategory&filters[designatorCode][$eq]=X (11 ms) 200
[2026-07-22 19:17:36.123] [32mhttp[39m: POST /api/bom-entry (27 ms) 201
[2026-07-22 19:17:36.189] [32mhttp[39m: POST /api/audit-log (41 ms) 201
[2026-07-22 19:17:49.008] [32mhttp[39m: GET /api/bom-entry?pagination%5BpageSize%5D=3&populate=device (26 ms) 200
[2026-07-22 19:17:49.246] [32mhttp[39m: GET /api/device (8 ms) 200
[2026-07-22 19:18:05.190] [32mhttp[39m: GET /api/bom-entry?pagination%5BpageSize%5D=200 (83 ms) 200
[2026-07-22 19:18:05.374] [32mhttp[39m: DELETE /api/bom-entry/o14sfzqib62luw86songsw5z (31 ms) 204
[2026-07-22 19:18:05.414] [32mhttp[39m: DELETE /api/bom-entry/vz950jygyrit5uqh37tvbhzf (27 ms) 204
[2026-07-22 19:18:05.440] [32mhttp[39m: DELETE /api/bom-entry/r261lgvn1ngvdhpkm6wsa20a (19 ms) 204
[2026-07-22 19:18:05.477] [32mhttp[39m: DELETE /api/bom-entry/kurwmaafht5bhdcv07pjygtd (24 ms) 204
[2026-07-22 19:18:05.516] [32mhttp[39m: DELETE /api/bom-entry/cv6919run4j9skyvopqblhqi (29 ms) 204
[2026-07-22 19:18:05.551] [32mhttp[39m: DELETE /api/bom-entry/y51wl7arvsbh3eqkle7xq3s1 (24 ms) 204
[2026-07-22 19:18:05.591] [32mhttp[39m: DELETE /api/bom-entry/jqp6momt3b0gucg3acagw0vi (25 ms) 204
[2026-07-22 19:18:05.629] [32mhttp[39m: DELETE /api/bom-entry/k6khqztzv7v56u2ii6cw8teo (28 ms) 204
[2026-07-22 19:18:05.661] [32mhttp[39m: DELETE /api/bom-entry/uthxxi2q4ttxoe9uq1xst603 (20 ms) 204
[2026-07-22 19:18:05.696] [32mhttp[39m: DELETE /api/bom-entry/fsqxdd23ilpa69ikknw5au42 (21 ms) 204
[2026-07-22 19:18:05.730] [32mhttp[39m: DELETE /api/bom-entry/qcqrbkx5r7m8kmm6sbneydnb (25 ms) 204
[2026-07-22 19:18:05.771] [32mhttp[39m: DELETE /api/bom-entry/h5omeycl3r6b7zampc0v152z (24 ms) 204
[2026-07-22 19:18:05.803] [32mhttp[39m: DELETE /api/bom-entry/xfd9fvuy6rqs7engcujytwc3 (20 ms) 204
[2026-07-22 19:18:05.839] [32mhttp[39m: DELETE /api/bom-entry/sueakfhhx15xp68v2woekp8x (20 ms) 204
[2026-07-22 19:18:05.872] [32mhttp[39m: DELETE /api/bom-entry/hx9m114ttas9l0y9608kyef3 (21 ms) 204
[2026-07-22 19:18:05.913] [32mhttp[39m: DELETE /api/bom-entry/z83js0wawvxipcy34v7ekyeh (25 ms) 204
[2026-07-22 19:18:05.950] [32mhttp[39m: DELETE /api/bom-entry/sck3wjtf3nj3k68rmo92ktix (22 ms) 204
[2026-07-22 19:18:05.975] [32mhttp[39m: DELETE /api/bom-entry/lv519sugwvdp8hj8ia2c9vxk (16 ms) 204
[2026-07-22 19:18:06.007] [32mhttp[39m: DELETE /api/bom-entry/vsgxtrzrvescg2z867q4gu8p (21 ms) 204
[2026-07-22 19:18:06.035] [32mhttp[39m: DELETE /api/bom-entry/h08sdomojksfjq81hgsl9naq (20 ms) 204
[2026-07-22 19:18:06.089] [32mhttp[39m: DELETE /api/bom-entry/hj9mgo3fn1dp94hhxwovuech (42 ms) 204
[2026-07-22 19:18:06.139] [32mhttp[39m: DELETE /api/bom-entry/d87etgo0kef6ygio7muac3v1 (30 ms) 204
[2026-07-22 19:18:06.188] [32mhttp[39m: DELETE /api/bom-entry/xa0oiy0khbchka8a6vjo1x2a (32 ms) 204
[2026-07-22 19:18:06.226] [32mhttp[39m: DELETE /api/bom-entry/tu11e67d1uiag5ktxgiooneb (24 ms) 204
[2026-07-22 19:18:06.261] [32mhttp[39m: DELETE /api/bom-entry/hlbfb9edqoxapq4fg40c3rus (16 ms) 204
[2026-07-22 19:18:06.297] [32mhttp[39m: DELETE /api/bom-entry/modys74lqfyk3svnsu0tvhnr (24 ms) 204
[2026-07-22 19:18:06.375] [32mhttp[39m: GET /api/bom-entry?pagination%5BpageSize%5D=200 (65 ms) 200
[2026-07-22 19:18:22.368] [32mhttp[39m: GET /api/bom-entry?pagination%5Bpage%5D=1&pagination%5BpageSize%5D=100 (59 ms) 200
[2026-07-22 19:18:22.457] [32mhttp[39m: GET /api/bom-entry?pagination%5Bpage%5D=2&pagination%5BpageSize%5D=100 (26 ms) 200
[2026-07-22 19:18:45.989] [32mhttp[39m: GET /api/bom-entry?pagination%5Bpage%5D=1&pagination%5BpageSize%5D=100 (38 ms) 200
[2026-07-22 19:18:46.082] [32mhttp[39m: GET /api/bom-entry?pagination%5Bpage%5D=2&pagination%5BpageSize%5D=100 (21 ms) 200
[2026-07-22 19:18:46.139] [32mhttp[39m: DELETE /api/bom-entry/l6znexk7fm3xweilfkeex5jl (25 ms) 204
[2026-07-22 19:18:46.174] [32mhttp[39m: DELETE /api/bom-entry/rt6qows6w2bx00rsm136d94y (25 ms) 204
[2026-07-22 19:18:46.205] [32mhttp[39m: DELETE /api/bom-entry/o29k4f332fto6yo16ck2defb (24 ms) 204
[2026-07-22 19:18:46.233] [32mhttp[39m: DELETE /api/bom-entry/c5xfppx5fy9oouy6fvrpby0z (20 ms) 204
[2026-07-22 19:18:46.258] [32mhttp[39m: DELETE /api/bom-entry/acoierub4jrdxixaeh4kg74a (20 ms) 204
[2026-07-22 19:18:46.290] [32mhttp[39m: DELETE /api/bom-entry/mkmnf1bk4udy632qw8dssxn4 (23 ms) 204
[2026-07-22 19:18:46.326] [32mhttp[39m: DELETE /api/bom-entry/csg1v1q8ilgvxd0av5ojuhtd (26 ms) 204
[2026-07-22 19:18:46.362] [32mhttp[39m: DELETE /api/bom-entry/fv2ahr7q11d4821bdmo4zx3k (24 ms) 204
[2026-07-22 19:18:46.393] [32mhttp[39m: DELETE /api/bom-entry/zchgdojd5wkf844ulaw6xv5b (22 ms) 204
[2026-07-22 19:18:46.427] [32mhttp[39m: DELETE /api/bom-entry/tvr20bogmno6ce30xnoktiu0 (23 ms) 204
[2026-07-22 19:18:46.465] [32mhttp[39m: DELETE /api/bom-entry/p7opy8o07v251khufdhu9nng (25 ms) 204
[2026-07-22 19:18:46.497] [32mhttp[39m: DELETE /api/bom-entry/y93zcpguzmmgiw10xi70zr4h (23 ms) 204
[2026-07-22 19:18:46.530] [32mhttp[39m: DELETE /api/bom-entry/cr55hdyunvs8m3x3burxfg0w (24 ms) 204
[2026-07-22 19:18:46.566] [32mhttp[39m: DELETE /api/bom-entry/r0pv5tn8eyzi9z6opgecrf2v (24 ms) 204
[2026-07-22 19:18:46.592] [32mhttp[39m: DELETE /api/bom-entry/wpmyb3h48k2yhah7k2t8ylew (21 ms) 204
[2026-07-22 19:18:46.625] [32mhttp[39m: DELETE /api/bom-entry/fng90u52828hklhijxx51jon (24 ms) 204
[2026-07-22 19:18:46.661] [32mhttp[39m: DELETE /api/bom-entry/dp357wfx2gw9t0o265qe2sfs (27 ms) 204
[2026-07-22 19:18:46.694] [32mhttp[39m: DELETE /api/bom-entry/e5ywnzbfbzjr6p7vgfuu1m0d (23 ms) 204
[2026-07-22 19:18:46.732] [32mhttp[39m: DELETE /api/bom-entry/i8deb2y42ryrzo91th62bl14 (25 ms) 204
[2026-07-22 19:18:46.766] [32mhttp[39m: DELETE /api/bom-entry/f2vkul4li0hoo5nape1gz26f (24 ms) 204
[2026-07-22 19:18:46.800] [32mhttp[39m: DELETE /api/bom-entry/kp5lykyr8zzqyp6a8481n7g4 (23 ms) 204
[2026-07-22 19:18:46.835] [32mhttp[39m: DELETE /api/bom-entry/l6j0qdbwqciz6ruxsm8vxmvh (23 ms) 204
[2026-07-22 19:18:46.867] [32mhttp[39m: DELETE /api/bom-entry/qjugx2l2iksbt4ea62rd5lll (22 ms) 204
[2026-07-22 19:18:46.899] [32mhttp[39m: DELETE /api/bom-entry/k9qcjlunu3f19qfuw8167ots (23 ms) 204
[2026-07-22 19:18:46.930] [32mhttp[39m: DELETE /api/bom-entry/d6rxnu35yuc1aci1cegd3i5y (22 ms) 204
[2026-07-22 19:18:46.965] [32mhttp[39m: DELETE /api/bom-entry/v3w207thl6drmx7y586m5ajf (25 ms) 204
[2026-07-22 19:18:46.998] [32mhttp[39m: DELETE /api/bom-entry/u9qnwlivcc3ztbt6dhl525aw (22 ms) 204
[2026-07-22 19:18:47.032] [32mhttp[39m: DELETE /api/bom-entry/tepdcjgse2zs89v3oy71alm7 (24 ms) 204
[2026-07-22 19:18:47.064] [32mhttp[39m: DELETE /api/bom-entry/d7fab6ucvbtwqck1b1hzrnam (24 ms) 204
[2026-07-22 19:18:47.100] [32mhttp[39m: DELETE /api/bom-entry/r4v238hfn1u0ccdt5mex1n1p (24 ms) 204
[2026-07-22 19:18:47.140] [32mhttp[39m: DELETE /api/bom-entry/b1ivrh293i67ljvydo8vygak (28 ms) 204
[2026-07-22 19:18:47.164] [32mhttp[39m: DELETE /api/bom-entry/trjqlf3mc3stqq31selzfjp9 (16 ms) 204
[2026-07-22 19:18:47.189] [32mhttp[39m: DELETE /api/bom-entry/o1s08b6qsb1w6dij2lxn4tx0 (19 ms) 204
[2026-07-22 19:18:47.217] [32mhttp[39m: DELETE /api/bom-entry/n0489zrvex6y46rgp5s79prf (18 ms) 204
[2026-07-22 19:18:47.240] [32mhttp[39m: DELETE /api/bom-entry/kvgi0oeoo8mho8687fodtpd6 (17 ms) 204
[2026-07-22 19:18:47.267] [32mhttp[39m: DELETE /api/bom-entry/g9n15210wnvducu1djh11wtd (19 ms) 204
[2026-07-22 19:18:47.296] [32mhttp[39m: DELETE /api/bom-entry/oz7srbjaxdcbsfvtrt2y5r8b (20 ms) 204
[2026-07-22 19:18:47.330] [32mhttp[39m: DELETE /api/bom-entry/gw9x6kob214p2lhqtfnfmy8t (25 ms) 204
[2026-07-22 19:18:47.363] [32mhttp[39m: DELETE /api/bom-entry/tjqdkx8wyuzedwzvlx5ouysh (25 ms) 204
[2026-07-22 19:18:47.402] [32mhttp[39m: DELETE /api/bom-entry/tikzx3drf5zmddz8p3tgmz0b (26 ms) 204
[2026-07-22 19:18:47.444] [32mhttp[39m: DELETE /api/bom-entry/f5skw3cho7r0q3fef67bhrmr (29 ms) 204
[2026-07-22 19:18:47.478] [32mhttp[39m: DELETE /api/bom-entry/edk4ipcmafics257ndrgkbou (21 ms) 204
[2026-07-22 19:18:47.517] [32mhttp[39m: DELETE /api/bom-entry/gb8uv6me6ojcni43q0ogrqop (22 ms) 204
[2026-07-22 19:18:47.545] [32mhttp[39m: DELETE /api/bom-entry/tawnugghyou8migasrreh95v (23 ms) 204
[2026-07-22 19:18:47.578] [32mhttp[39m: DELETE /api/bom-entry/x4gjw1mi2lp92jqkof5memw7 (23 ms) 204
[2026-07-22 19:18:47.611] [32mhttp[39m: DELETE /api/bom-entry/s8og3ykkilbuecpcnatsn332 (22 ms) 204
[2026-07-22 19:18:47.643] [32mhttp[39m: DELETE /api/bom-entry/aktc5doo3w7uc6owexqdykxs (22 ms) 204
[2026-07-22 19:18:47.682] [32mhttp[39m: DELETE /api/bom-entry/lioqoruwhaxyk3imd2su0kad (28 ms) 204
[2026-07-22 19:18:47.727] [32mhttp[39m: GET /api/bom-entry?pagination%5Bpage%5D=1&pagination%5BpageSize%5D=100 (32 ms) 200
[2026-07-22 19:19:00.419] [32mhttp[39m: GET /api/bom-entry?pagination%5Bpage%5D=1&pagination%5BpageSize%5D=100&populate=device (92 ms) 200
[2026-07-22 19:19:34.961] [32mhttp[39m: GET /api/eec-category?pagination[page]=1&pagination[pageSize]=50 (32 ms) 200
[2026-07-22 19:19:37.069] [32mhttp[39m: GET /api/reference-designator?pagination[page]=1&pagination[pageSize]=50 (24 ms) 200
[2026-07-22 19:19:39.183] [32mhttp[39m: GET /api/bom-entry?pagination[page]=1&pagination[pageSize]=100 (62 ms) 200
[2026-07-22 19:19:41.226] [32mhttp[39m: GET /api/device?pagination[page]=1&pagination[pageSize]=50 (11 ms) 200
[2026-07-22 19:19:43.292] [32mhttp[39m: GET /api/audit-log?pagination[page]=1&pagination[pageSize]=50 (16 ms) 200
^C^C